{
 "RawResults": [
  [
   {
    "TxLatencies": [
     1034,
     453,
     315,
     417,
     4169,
     4766,
     166,
     2620,
     841,
     315,
     1036,
     1126,
     293,
     4723,
     4427,
     417,
     2557,
     248,
     729,
     246,
     260,
     2244,
     329,
     916,
     4533,
     447,
     2026,
     184,
     1121,
     4515,
     4408,
     4508,
     442,
     702,
     226,
     801,
     2011,
     328,
     4548,
     416,
     882,
     231,
     1668,
     4250,
     154,
     365,
     2688,
     4331,
     226,
     4034,
     307,
     2023,
     272,
     718,
     828,
     4463,
     395,
     180,
     395,
     293,
     318,
     4095,
     843,
     276,
     4671,
     4007,
     126,
     2258,
     4709,
     482,
     273,
     908,
     4594,
     2187,
     906,
     416,
     388,
     222,
     247,
     308,
     215,
     4488,
     279,
     1068,
     428,
     450,
     344,
     4634,
     293,
     243,
     4172,
     427,
     429,
     1833,
     2608,
     1834,
     2446,
     4834
    ],
    "AverageLatency": 1610.4591836734694,
    "MedianLatency": 0,
    "Throughput": 2.8,
    "ThroughputSeconds": [
     0,
     0,
     0,
     0,
     1,
     3,
     5,
     3,
     4,
     2,
     3,
     1,
     4,
     7,
     5,
     6,
     3,
     0,
     2,
     5,
     5,
     4,
     3,
     6,
     4,
     3,
     5,
     3,
     1,
     4,
     0,
     3,
     3,
     0,
     0
    ],
    "Success": 98,
    "Fail": 152
   }
  ],
  [
   {
    "TxLatencies": [
     1128,
     937,
     876,
     970,
     292,
     588,
     826,
     333,
     1094,
     785,
     251,
     218,
     346,
     2085,
     4765,
     188,
     2237,
     259,
     4945,
     4410,
     177,
     1079,
     4255,
     188,
     2135,
     4444,
     696,
     967,
     403,
     166,
     155,
     292,
     344,
     530,
     333,
     273,
     558,
     4613,
     279,
     919,
     4431,
     152,
     4576,
     308,
     871,
     4879,
     273,
     195,
     2100,
     417,
     258,
     853,
     405,
     452,
     364,
     144,
     1741,
     333,
     406,
     311,
     177,
     551,
     371,
     894,
     187,
     2040,
     328,
     4490,
     2052,
     180,
     4076,
     585,
     347,
     1989,
     923,
     152,
     297,
     416,
     783,
     827,
     2134,
     2483,
     195,
     871,
     1994,
     1928,
     225,
     4759,
     340,
     283,
     348,
     236,
     579,
     233,
     249,
     809,
     507,
     274,
     817,
     452,
     294,
     1027,
     889,
     4575,
     1032,
     224,
     264,
     1919
    ],
    "AverageLatency": 1161.2314814814815,
    "MedianLatency": 0,
    "Throughput": 3.085714285714286,
    "ThroughputSeconds": [
     0,
     0,
     0,
     0,
     2,
     4,
     3,
     2,
     2,
     4,
     2,
     3,
     2,
     4,
     6,
     2,
     6,
     5,
     4,
     6,
     3,
     6,
     6,
     6,
     2,
     4,
     7,
     3,
     9,
     2,
     2,
     1,
     0,
     0,
     0
    ],
    "Success": 108,
    "Fail": 142
   }
  ]
 ],
 "SecondaryResults": [
  {
   "TxLatencies": [
    126,
    154,
    166,
    180,
    184,
    215,
    222,
    226,
    226,
    231,
    243,
    246,
    247,
    248,
    260,
    272,
    273,
    276,
    279,
    293,
    293,
    293,
    307,
    308,
    315,
    315,
    318,
    328,
    329,
    344,
    365,
    388,
    395,
    395,
    416,
    416,
    417,
    417,
    427,
    428,
    429,
    442,
    447,
    450,
    453,
    482,
    702,
    718,
    729,
    801,
    828,
    841,
    843,
    882,
    906,
    908,
    916,
    1034,
    1036,
    1068,
    1121,
    1126,
    1668,
    1833,
    1834,
    2011,
    2023,
    2026,
    2187,
    2244,
    2258,
    2446,
    2557,
    2608,
    2620,
    2688,
    4007,
    4034,
    4095,
    4169,
    4172,
    4250,
    4331,
    4408,
    4427,
    4463,
    4488,
    4508,
    4515,
    4533,
    4548,
    4594,
    4634,
    4671,
    4709,
    4723,
    4766,
    4834
   ],
   "AverageLatency": 1610.4591836734694,
   "MedianLatency": 765,
   "Throughput": 2.8,
   "ThroughputSeconds": [
    0,
    0,
    0,
    0,
    1,
    3,
    5,
    3,
    4,
    2,
    3,
    1,
    4,
    7,
    5,
    6,
    3,
    0,
    2,
    5,
    5,
    4,
    3,
    6,
    4,
    3,
    5,
    3,
    1,
    4,
    0,
    3,
    3,
    0,
    0
   ],
   "Success": 98,
   "Fail": 152
  },
  {
   "TxLatencies": [
    144,
    152,
    152,
    155,
    166,
    177,
    177,
    180,
    187,
    188,
    188,
    195,
    195,
    218,
    224,
    225,
    233,
    236,
    249,
    251,
    258,
    259,
    264,
    273,
    273,
    274,
    279,
    283,
    292,
    292,
    294,
    297,
    308,
    311,
    328,
    333,
    333,
    333,
    340,
    344,
    346,
    347,
    348,
    364,
    371,
    403,
    405,
    406,
    416,
    417,
    452,
    452,
    507,
    530,
    551,
    558,
    579,
    585,
    588,
    696,
    783,
    785,
    809,
    817,
    826,
    827,
    853,
    871,
    871,
    876,
    889,
    894,
    919,
    923,
    937,
    967,
    970,
    1027,
    1032,
    1079,
    1094,
    1128,
    1741,
    1919,
    1928,
    1989,
    1994,
    2040,
    2052,
    2085,
    2100,
    2134,
    2135,
    2237,
    2483,
    4076,
    4255,
    4410,
    4431,
    4444,
    4490,
    4575,
    4576,
    4613,
    4759,
    4765,
    4879,
    4945
   ],
   "AverageLatency": 1161.2314814814815,
   "MedianLatency": 540.5,
   "Throughput": 3.085714285714286,
   "ThroughputSeconds": [
    0,
    0,
    0,
    0,
    2,
    4,
    3,
    2,
    2,
    4,
    2,
    3,
    2,
    4,
    6,
    2,
    6,
    5,
    4,
    6,
    3,
    6,
    6,
    6,
    2,
    4,
    7,
    3,
    9,
    2,
    2,
    1,
    0,
    0,
    0
   ],
   "Success": 108,
   "Fail": 142
  }
 ],
 "MinLatency": 126,
 "AverageLatency": 1385.8453325774753,
 "MaxLatency": 4945,
 "MedianLatency": 1385.8453325774753,
 "AllTxLatencies": [
  1034,
  453,
  315,
  417,
  4169,
  4766,
  166,
  2620,
  841,
  315,
  1036,
  1126,
  293,
  4723,
  4427,
  417,
  2557,
  248,
  729,
  246,
  260,
  2244,
  329,
  916,
  4533,
  447,
  2026,
  184,
  1121,
  4515,
  4408,
  4508,
  442,
  702,
  226,
  801,
  2011,
  328,
  4548,
  416,
  882,
  231,
  1668,
  4250,
  154,
  365,
  2688,
  4331,
  226,
  4034,
  307,
  2023,
  272,
  718,
  828,
  4463,
  395,
  180,
  395,
  293,
  318,
  4095,
  843,
  276,
  4671,
  4007,
  126,
  2258,
  4709,
  482,
  273,
  908,
  4594,
  2187,
  906,
  416,
  388,
  222,
  247,
  308,
  215,
  4488,
  279,
  1068,
  428,
  450,
  344,
  4634,
  293,
  243,
  4172,
  427,
  429,
  1833,
  2608,
  1834,
  2446,
  4834,
  1128,
  937,
  876,
  970,
  292,
  588,
  826,
  333,
  1094,
  785,
  251,
  218,
  346,
  2085,
  4765,
  188,
  2237,
  259,
  4945,
  4410,
  177,
  1079,
  4255,
  188,
  2135,
  4444,
  696,
  967,
  403,
  166,
  155,
  292,
  344,
  530,
  333,
  273,
  558,
  4613,
  279,
  919,
  4431,
  152,
  4576,
  308,
  871,
  4879,
  273,
  195,
  2100,
  417,
  258,
  853,
  405,
  452,
  364,
  144,
  1741,
  333,
  406,
  311,
  177,
  551,
  371,
  894,
  187,
  2040,
  328,
  4490,
  2052,
  180,
  4076,
  585,
  347,
  1989,
  923,
  152,
  297,
  416,
  783,
  827,
  2134,
  2483,
  195,
  871,
  1994,
  1928,
  225,
  4759,
  340,
  283,
  348,
  236,
  579,
  233,
  249,
  809,
  507,
  274,
  817,
  452,
  294,
  1027,
  889,
  4575,
  1032,
  224,
  264,
  1919
 ],
 "TotalThroughputOverTime": [
  0,
  0,
  0,
  0,
  3,
  7,
  8,
  5,
  6,
  6,
  5,
  4,
  6,
  11,
  11,
  8,
  9,
  5,
  6,
  11,
  8,
  10,
  9,
  12,
  6,
  7,
  12,
  6,
  10,
  6,
  2,
  4,
  3,
  0,
  0
 ],
 "AverageThroughputSecondaries": [
  2.8,
  3.085714285714286
 ],
 "TotalThrouhgputPerSecondaryPerWindow": [
  [
   0,
   0,
   0,
   0,
   1,
   3,
   5,
   3,
   4,
   2,
   3,
   1,
   4,
   7,
   5,
   6,
   3,
   0,
   2,
   5,
   5,
   4,
   3,
   6,
   4,
   3,
   5,
   3,
   1,
   4,
   0,
   3,
   3,
   0,
   0
  ],
  [
   0,
   0,
   0,
   0,
   2,
   4,
   3,
   2,
   2,
   4,
   2,
   3,
   2,
   4,
   6,
   2,
   6,
   5,
   4,
   6,
   3,
   6,
   6,
   6,
   2,
   4,
   7,
   3,
   9,
   2,
   2,
   1,
   0,
   0,
   0
  ]
 ],
 "MaximumThroughput": 12,
 "MinimumThroughput": 0,
 "AverageThroughput": 5.885714285714286,
 "TotalSuccess": 206,
 "TotalFails": 294
}