{
 "RawResults": [
  [
   {
    "TxLatencies": [
     146,
     270,
     313,
     193,
     928,
     316,
     308,
     119,
     163,
     184,
     184,
     175,
     267,
     300,
     300,
     314,
     286,
     175,
     296,
     185,
     961,
     163,
     1982,
     241,
     159,
     231,
     757,
     1936,
     866,
     205,
     221,
     267,
     241,
     265,
     313,
     224,
     197,
     272,
     198,
     296,
     364,
     271,
     272,
     301,
     242,
     145,
     245,
     258,
     178,
     314,
     296,
     4146,
     314,
     210,
     321,
     255,
     273,
     297,
     154,
     266,
     300,
     251,
     317,
     871,
     210,
     245,
     221,
     317,
     162,
     163,
     277,
     149,
     205,
     231,
     154,
     322,
     188,
     182,
     250,
     271,
     202,
     221,
     168,
     201,
     161,
     831,
     149,
     274,
     242,
     119,
     2363,
     340,
     869,
     171,
     199,
     175,
     277,
     339,
     2002,
     266,
     198,
     248,
     244,
     258,
     266,
     224,
     226,
     4803,
     192,
     265,
     902,
     187,
     733,
     222,
     238,
     201,
     189,
     265,
     276,
     221,
     220,
     324,
     181,
     241,
     314,
     192,
     232,
     912,
     278,
     1989,
     271,
     1976,
     152,
     4159,
     322,
     231,
     187,
     224,
     297,
     297,
     252,
     167,
     228,
     337,
     241,
     299,
     4130,
     163,
     328,
     192,
     235,
     220,
     214,
     269,
     219,
     240,
     210,
     294,
     831,
     292,
     145,
     273,
     1907,
     2159,
     156,
     1942,
     255,
     3995,
     266,
     217,
     831,
     328,
     159,
     201,
     185,
     290,
     265,
     212,
     231,
     270,
     240,
     218,
     757,
     292,
     2779,
     274,
     185,
     199,
     199,
     222,
     2008,
     219,
     221,
     292,
     280,
     199,
     4155,
     912,
     254,
     260,
     313,
     198,
     189,
     192,
     266,
     275,
     4363,
     312,
     295,
     220,
     189,
     246,
     208,
     863,
     212,
     2086,
     193,
     738,
     4212,
     208,
     192,
     205,
     2339,
     181,
     339,
     324,
     937,
     854,
     2149,
     266,
     208,
     178,
     277,
     733,
     340,
     292,
     300,
     251,
     186
    ],
    "AverageLatency": 530.9330543933054,
    "MedianLatency": 0,
    "Throughput": 6.828571428571428,
    "ThroughputSeconds": [
     0,
     0,
     0,
     0,
     6,
     7,
     8,
     12,
     8,
     10,
     11,
     9,
     11,
     10,
     9,
     11,
     8,
     10,
     10,
     8,
     12,
     10,
     9,
     10,
     9,
     9,
     11,
     10,
     11,
     0,
     0,
     0,
     0,
     0,
     0
    ],
    "Success": 239,
    "Fail": 11
   }
  ],
  [
   {
    "TxLatencies": [
     238,
     192,
     299,
     220,
     230,
     291,
     1161,
     300,
     210,
     161,
     294,
     265,
     867,
     280,
     4295,
     217,
     321,
     219,
     313,
     4751,
     257,
     164,
     191,
     857,
     163,
     330,
     197,
     4343,
     299,
     260,
     871,
     168,
     279,
     271,
     152,
     251,
     194,
     317,
     831,
     224,
     252,
     787,
     228,
     313,
     192,
     266,
     166,
     286,
     186,
     168,
     259,
     313,
     230,
     186,
     143,
     154,
     181,
     266,
     337,
     161,
     1837,
     295,
     827,
     202,
     291,
     172,
     825,
     250,
     295,
     297,
     146,
     246,
     739,
     317,
     221,
     2158,
     238,
     307,
     252,
     4272,
     275,
     296,
     271,
     297,
     232,
     4445,
     146,
     152,
     209,
     238,
     259,
     849,
     251,
     313,
     210,
     275,
     251,
     317,
     227,
     1843,
     232,
     150,
     299,
     297,
     217,
     178,
     895,
     313,
     299,
     716,
     161,
     192,
     167,
     4004,
     271,
     1161,
     4186,
     314,
     193,
     732,
     301,
     197,
     295,
     159,
     307,
     266,
     228,
     205,
     271,
     321,
     218,
     225,
     248,
     178,
     194,
     286,
     281,
     274,
     363,
     149,
     250,
     205,
     178,
     295,
     183,
     250,
     224,
     911,
     4116,
     307,
     353,
     260,
     183,
     271,
     265,
     224,
     353,
     197,
     198,
     191,
     221,
     285,
     147,
     2137,
     137,
     314,
     219,
     299,
     318,
     221,
     353,
     803,
     248,
     272,
     251,
     297,
     1736,
     901,
     330,
     262,
     251,
     189,
     194,
     310,
     172,
     230,
     274,
     312,
     193,
     172,
     334,
     238,
     294,
     229,
     231,
     200,
     149,
     757,
     224,
     192,
     301,
     162,
     251,
     199,
     294,
     192,
     252,
     259,
     220,
     313,
     318,
     251,
     158,
     294,
     281,
     241,
     244,
     291,
     314,
     363,
     158,
     191,
     198,
     275,
     277,
     192,
     154,
     281,
     250,
     2074,
     294,
     252,
     230
    ],
    "AverageLatency": 474.83690987124464,
    "MedianLatency": 0,
    "Throughput": 6.6571428571428575,
    "ThroughputSeconds": [
     0,
     0,
     0,
     0,
     6,
     11,
     10,
     9,
     10,
     10,
     10,
     10,
     8,
     10,
     7,
     9,
     9,
     9,
     9,
     11,
     8,
     8,
     9,
     9,
     9,
     12,
     9,
     10,
     8,
     0,
     2,
     0,
     1,
     0,
     0
    ],
    "Success": 233,
    "Fail": 17
   }
  ]
 ],
 "SecondaryResults": [
  {
   "TxLatencies": [
    119,
    119,
    145,
    145,
    146,
    149,
    149,
    152,
    154,
    154,
    156,
    159,
    159,
    161,
    162,
    163,
    163,
    163,
    163,
    167,
    168,
    171,
    175,
    175,
    175,
    178,
    178,
    181,
    181,
    182,
    184,
    184,
    185,
    185,
    185,
    186,
    187,
    187,
    188,
    189,
    189,
    189,
    192,
    192,
    192,
    192,
    192,
    193,
    193,
    197,
    198,
    198,
    198,
    199,
    199,
    199,
    199,
    201,
    201,
    201,
    202,
    205,
    205,
    205,
    208,
    208,
    208,
    210,
    210,
    210,
    212,
    212,
    214,
    217,
    218,
    219,
    219,
    220,
    220,
    220,
    221,
    221,
    221,
    221,
    221,
    222,
    222,
    224,
    224,
    224,
    226,
    228,
    231,
    231,
    231,
    231,
    232,
    235,
    238,
    240,
    240,
    241,
    241,
    241,
    241,
    242,
    242,
    244,
    245,
    245,
    246,
    248,
    250,
    251,
    251,
    252,
    254,
    255,
    255,
    258,
    258,
    260,
    265,
    265,
    265,
    265,
    266,
    266,
    266,
    266,
    266,
    266,
    267,
    267,
    269,
    270,
    270,
    271,
    271,
    271,
    272,
    272,
    273,
    273,
    274,
    274,
    275,
    276,
    277,
    277,
    277,
    278,
    280,
    286,
    290,
    292,
    292,
    292,
    292,
    294,
    295,
    296,
    296,
    296,
    297,
    297,
    297,
    299,
    300,
    300,
    300,
    300,
    301,
    308,
    312,
    313,
    313,
    313,
    314,
    314,
    314,
    314,
    316,
    317,
    317,
    321,
    322,
    322,
    324,
    324,
    328,
    328,
    337,
    339,
    339,
    340,
    340,
    364,
    733,
    733,
    738,
    757,
    757,
    831,
    831,
    831,
    854,
    863,
    866,
    869,
    871,
    902,
    912,
    912,
    928,
    937,
    961,
    1907,
    1936,
    1942,
    1976,
    1982,
    1989,
    2002,
    2008,
    2086,
    2149,
    2159,
    2339,
    2363,
    2779,
    3995,
    4130,
    4146,
    4155,
    4159,
    4212,
    4363,
    4803
   ],
   "AverageLatency": 530.9330543933054,
   "MedianLatency": 258,
   "Throughput": 6.828571428571428,
   "ThroughputSeconds": [
    0,
    0,
    0,
    0,
    6,
    7,
    8,
    12,
    8,
    10,
    11,
    9,
    11,
    10,
    9,
    11,
    8,
    10,
    10,
    8,
    12,
    10,
    9,
    10,
    9,
    9,
    11,
    10,
    11,
    0,
    0,
    0,
    0,
    0,
    0
   ],
   "Success": 239,
   "Fail": 11
  },
  {
   "TxLatencies": [
    137,
    143,
    146,
    146,
    147,
    149,
    149,
    150,
    152,
    152,
    154,
    154,
    158,
    158,
    159,
    161,
    161,
    161,
    162,
    163,
    164,
    166,
    167,
    168,
    168,
    172,
    172,
    172,
    178,
    178,
    178,
    181,
    183,
    183,
    186,
    186,
    189,
    191,
    191,
    191,
    192,
    192,
    192,
    192,
    192,
    192,
    193,
    193,
    194,
    194,
    194,
    197,
    197,
    197,
    198,
    198,
    199,
    200,
    202,
    205,
    205,
    209,
    210,
    210,
    217,
    217,
    218,
    219,
    219,
    220,
    220,
    221,
    221,
    221,
    224,
    224,
    224,
    224,
    225,
    227,
    228,
    228,
    229,
    230,
    230,
    230,
    230,
    231,
    232,
    232,
    238,
    238,
    238,
    238,
    241,
    244,
    246,
    248,
    248,
    250,
    250,
    250,
    250,
    251,
    251,
    251,
    251,
    251,
    251,
    251,
    252,
    252,
    252,
    252,
    257,
    259,
    259,
    259,
    260,
    260,
    262,
    265,
    265,
    266,
    266,
    266,
    271,
    271,
    271,
    271,
    271,
    272,
    274,
    274,
    275,
    275,
    275,
    277,
    279,
    280,
    281,
    281,
    281,
    285,
    286,
    286,
    291,
    291,
    291,
    294,
    294,
    294,
    294,
    294,
    295,
    295,
    295,
    295,
    296,
    297,
    297,
    297,
    297,
    299,
    299,
    299,
    299,
    299,
    300,
    301,
    301,
    307,
    307,
    307,
    310,
    312,
    313,
    313,
    313,
    313,
    313,
    313,
    314,
    314,
    314,
    317,
    317,
    317,
    318,
    318,
    321,
    321,
    330,
    330,
    334,
    337,
    353,
    353,
    353,
    363,
    363,
    716,
    732,
    739,
    757,
    787,
    803,
    825,
    827,
    831,
    849,
    857,
    867,
    871,
    895,
    901,
    911,
    1161,
    1161,
    1736,
    1837,
    1843,
    2074,
    2137,
    2158,
    4004,
    4116,
    4186,
    4272,
    4295,
    4343,
    4445,
    4751
   ],
   "AverageLatency": 474.83690987124464,
   "MedianLatency": 259,
   "Throughput": 6.6571428571428575,
   "ThroughputSeconds": [
    0,
    0,
    0,
    0,
    6,
    11,
    10,
    9,
    10,
    10,
    10,
    10,
    8,
    10,
    7,
    9,
    9,
    9,
    9,
    11,
    8,
    8,
    9,
    9,
    9,
    12,
    9,
    10,
    8,
    0,
    2,
    0,
    1,
    0,
    0
   ],
   "Success": 233,
   "Fail": 17
  }
 ],
 "MinLatency": 119,
 "AverageLatency": 502.884982132275,
 "MaxLatency": 4803,
 "MedianLatency": 502.884982132275,
 "AllTxLatencies": [
  146,
  270,
  313,
  193,
  928,
  316,
  308,
  119,
  163,
  184,
  184,
  175,
  267,
  300,
  300,
  314,
  286,
  175,
  296,
  185,
  961,
  163,
  1982,
  241,
  159,
  231,
  757,
  1936,
  866,
  205,
  221,
  267,
  241,
  265,
  313,
  224,
  197,
  272,
  198,
  296,
  364,
  271,
  272,
  301,
  242,
  145,
  245,
  258,
  178,
  314,
  296,
  4146,
  314,
  210,
  321,
  255,
  273,
  297,
  154,
  266,
  300,
  251,
  317,
  871,
  210,
  245,
  221,
  317,
  162,
  163,
  277,
  149,
  205,
  231,
  154,
  322,
  188,
  182,
  250,
  271,
  202,
  221,
  168,
  201,
  161,
  831,
  149,
  274,
  242,
  119,
  2363,
  340,
  869,
  171,
  199,
  175,
  277,
  339,
  2002,
  266,
  198,
  248,
  244,
  258,
  266,
  224,
  226,
  4803,
  192,
  265,
  902,
  187,
  733,
  222,
  238,
  201,
  189,
  265,
  276,
  221,
  220,
  324,
  181,
  241,
  314,
  192,
  232,
  912,
  278,
  1989,
  271,
  1976,
  152,
  4159,
  322,
  231,
  187,
  224,
  297,
  297,
  252,
  167,
  228,
  337,
  241,
  299,
  4130,
  163,
  328,
  192,
  235,
  220,
  214,
  269,
  219,
  240,
  210,
  294,
  831,
  292,
  145,
  273,
  1907,
  2159,
  156,
  1942,
  255,
  3995,
  266,
  217,
  831,
  328,
  159,
  201,
  185,
  290,
  265,
  212,
  231,
  270,
  240,
  218,
  757,
  292,
  2779,
  274,
  185,
  199,
  199,
  222,
  2008,
  219,
  221,
  292,
  280,
  199,
  4155,
  912,
  254,
  260,
  313,
  198,
  189,
  192,
  266,
  275,
  4363,
  312,
  295,
  220,
  189,
  246,
  208,
  863,
  212,
  2086,
  193,
  738,
  4212,
  208,
  192,
  205,
  2339,
  181,
  339,
  324,
  937,
  854,
  2149,
  266,
  208,
  178,
  277,
  733,
  340,
  292,
  300,
  251,
  186,
  238,
  192,
  299,
  220,
  230,
  291,
  1161,
  300,
  210,
  161,
  294,
  265,
  867,
  280,
  4295,
  217,
  321,
  219,
  313,
  4751,
  257,
  164,
  191,
  857,
  163,
  330,
  197,
  4343,
  299,
  260,
  871,
  168,
  279,
  271,
  152,
  251,
  194,
  317,
  831,
  224,
  252,
  787,
  228,
  313,
  192,
  266,
  166,
  286,
  186,
  168,
  259,
  313,
  230,
  186,
  143,
  154,
  181,
  266,
  337,
  161,
  1837,
  295,
  827,
  202,
  291,
  172,
  825,
  250,
  295,
  297,
  146,
  246,
  739,
  317,
  221,
  2158,
  238,
  307,
  252,
  4272,
  275,
  296,
  271,
  297,
  232,
  4445,
  146,
  152,
  209,
  238,
  259,
  849,
  251,
  313,
  210,
  275,
  251,
  317,
  227,
  1843,
  232,
  150,
  299,
  297,
  217,
  178,
  895,
  313,
  299,
  716,
  161,
  192,
  167,
  4004,
  271,
  1161,
  4186,
  314,
  193,
  732,
  301,
  197,
  295,
  159,
  307,
  266,
  228,
  205,
  271,
  321,
  218,
  225,
  248,
  178,
  194,
  286,
  281,
  274,
  363,
  149,
  250,
  205,
  178,
  295,
  183,
  250,
  224,
  911,
  4116,
  307,
  353,
  260,
  183,
  271,
  265,
  224,
  353,
  197,
  198,
  191,
  221,
  285,
  147,
  2137,
  137,
  314,
  219,
  299,
  318,
  221,
  353,
  803,
  248,
  272,
  251,
  297,
  1736,
  901,
  330,
  262,
  251,
  189,
  194,
  310,
  172,
  230,
  274,
  312,
  193,
  172,
  334,
  238,
  294,
  229,
  231,
  200,
  149,
  757,
  224,
  192,
  301,
  162,
  251,
  199,
  294,
  192,
  252,
  259,
  220,
  313,
  318,
  251,
  158,
  294,
  281,
  241,
  244,
  291,
  314,
  363,
  158,
  191,
  198,
  275,
  277,
  192,
  154,
  281,
  250,
  2074,
  294,
  252,
  230
 ],
 "TotalThroughputOverTime": [
  0,
  0,
  0,
  0,
  12,
  18,
  18,
  21,
  18,
  20,
  21,
  19,
  19,
  20,
  16,
  20,
  17,
  19,
  19,
  19,
  20,
  18,
  18,
  19,
  18,
  21,
  20,
  20,
  19,
  0,
  2,
  0,
  1,
  0,
  0
 ],
 "AverageThroughputSecondaries": [
  6.828571428571428,
  6.6571428571428575
 ],
 "TotalThrouhgputPerSecondaryPerWindow": [
  [
   0,
   0,
   0,
   0,
   6,
   7,
   8,
   12,
   8,
   10,
   11,
   9,
   11,
   10,
   9,
   11,
   8,
   10,
   10,
   8,
   12,
   10,
   9,
   10,
   9,
   9,
   11,
   10,
   11,
   0,
   0,
   0,
   0,
   0,
   0
  ],
  [
   0,
   0,
   0,
   0,
   6,
   11,
   10,
   9,
   10,
   10,
   10,
   10,
   8,
   10,
   7,
   9,
   9,
   9,
   9,
   11,
   8,
   8,
   9,
   9,
   9,
   12,
   9,
   10,
   8,
   0,
   2,
   0,
   1,
   0,
   0
  ]
 ],
 "MaximumThroughput": 21,
 "MinimumThroughput": 0,
 "AverageThroughput": 13.485714285714286,
 "TotalSuccess": 472,
 "TotalFails": 28
}