{
 "RawResults": [
  [
   {
    "TxLatencies": [
     211,
     260,
     251,
     203,
     334,
     287,
     2040,
     292,
     277,
     260,
     281,
     196,
     257,
     287,
     300,
     4285,
     169,
     887,
     300,
     290,
     168,
     4328,
     218,
     242,
     211,
     192,
     364,
     229,
     217,
     441,
     127,
     153,
     200,
     213,
     309,
     279,
     302,
     300,
     267,
     193,
     414,
     878,
     196,
     196,
     334,
     325,
     249,
     285,
     309,
     302,
     4090,
     223,
     242,
     290,
     168,
     284,
     798,
     1098,
     206,
     863,
     2156,
     279,
     229,
     251,
     200,
     251,
     306,
     204,
     217,
     303,
     182,
     292,
     249,
     197,
     317,
     263,
     293,
     848,
     280,
     4412,
     747,
     347,
     223,
     251,
     190,
     261,
     197,
     141,
     252,
     262,
     168,
     227,
     197,
     2147,
     231,
     347,
     258,
     161,
     152,
     1776,
     328,
     223,
     236,
     4441,
     152,
     222,
     231,
     243,
     291,
     275,
     294,
     202,
     227,
     284,
     331,
     183,
     166,
     202,
     288,
     258,
     288,
     136,
     218,
     798,
     2109,
     254,
     230,
     250,
     177,
     147,
     239,
     136,
     189,
     209,
     834,
     298,
     284,
     198,
     186,
     161,
     177,
     273,
     285,
     317,
     221,
     236,
     223,
     1144,
     204,
     144,
     193,
     182,
     200,
     828,
     3999,
     190,
     145,
     257,
     264,
     275,
     146,
     161,
     315,
     275,
     300,
     309,
     334,
     177,
     189,
     214,
     151,
     4762,
     177,
     628,
     441,
     337,
     2083,
     293,
     161,
     176,
     214,
     334,
     326,
     250,
     331,
     267,
     226,
     167,
     192,
     253,
     306,
     780,
     244,
     243,
     251,
     160,
     778,
     149,
     882,
     145,
     279,
     223,
     244,
     4900,
     198,
     231,
     283,
     133,
     2297,
     163,
     221,
     252,
     171,
     230,
     848,
     273,
     914,
     228,
     181,
     273,
     193,
     193,
     146,
     306,
     250,
     177,
     248,
     747,
     834
    ],
    "AverageLatency": 491.5807860262009,
    "MedianLatency": 0,
    "Throughput": 6.1891891891891895,
    "ThroughputSeconds": [
     0,
     0,
     0,
     0,
     5,
     10,
     8,
     10,
     8,
     9,
     11,
     11,
     10,
     9,
     9,
     10,
     6,
     7,
     10,
     8,
     10,
     9,
     9,
     10,
     9,
     9,
     11,
     10,
     9,
     1,
     1,
     0,
     0,
     0,
     0,
     0,
     0
    ],
    "Success": 229,
    "Fail": 21
   }
  ],
  [
   {
    "TxLatencies": [
     242,
     209,
     200,
     214,
     197,
     239,
     222,
     317,
     833,
     4295,
     4150,
     1959,
     177,
     282,
     194,
     190,
     222,
     195,
     292,
     227,
     271,
     193,
     236,
     233,
     295,
     218,
     1857,
     218,
     101,
     243,
     317,
     273,
     226,
     218,
     283,
     266,
     270,
     135,
     317,
     317,
     159,
     245,
     173,
     157,
     738,
     136,
     202,
     130,
     141,
     991,
     214,
     266,
     897,
     284,
     198,
     218,
     195,
     349,
     1993,
     142,
     152,
     126,
     267,
     234,
     116,
     188,
     101,
     200,
     1912,
     1697,
     187,
     156,
     240,
     127,
     193,
     1928,
     773,
     238,
     2127,
     288,
     792,
     199,
     119,
     254,
     2314,
     117,
     270,
     158,
     306,
     196,
     158,
     214,
     206,
     772,
     769,
     172,
     214,
     268,
     244,
     165,
     262,
     142,
     180,
     171,
     244,
     173,
     136,
     284,
     101,
     293,
     971,
     241,
     284,
     264,
     2806,
     270,
     218,
     184,
     165,
     222,
     269,
     184,
     234,
     209,
     2064,
     314,
     136,
     262,
     283,
     163,
     133,
     1947,
     254,
     206,
     273,
     167,
     267,
     124,
     120,
     334,
     159,
     335,
     254,
     165,
     211,
     162,
     317,
     247,
     291,
     349,
     163,
     143,
     811,
     174,
     245,
     193,
     117,
     234,
     244,
     1901,
     190,
     291,
     293,
     306,
     768,
     4093,
     770,
     288,
     285,
     133,
     173,
     288,
     243,
     293,
     125,
     234,
     165,
     4141,
     280,
     133,
     152,
     162,
     769,
     222,
     130,
     200,
     156,
     288,
     213,
     188,
     340,
     198,
     183,
     2325,
     1130,
     799,
     247,
     4124,
     218,
     187,
     266,
     187,
     221,
     799,
     275,
     206,
     227,
     162,
     238,
     195,
     3965,
     133,
     180,
     217,
     288,
     334,
     295,
     249,
     270,
     237,
     243,
     119,
     265,
     245,
     269,
     268,
     222,
     291,
     245,
     270,
     269,
     155,
     163,
     266,
     773,
     245,
     325,
     825,
     317,
     171,
     317,
     273
    ],
    "AverageLatency": 461.9834710743802,
    "MedianLatency": 0,
    "Throughput": 6.54054054054054,
    "ThroughputSeconds": [
     0,
     0,
     0,
     0,
     7,
     9,
     11,
     9,
     9,
     11,
     10,
     9,
     10,
     10,
     8,
     10,
     9,
     12,
     10,
     11,
     10,
     9,
     8,
     9,
     11,
     11,
     9,
     10,
     9,
     0,
     0,
     0,
     1,
     0,
     0,
     0,
     0
    ],
    "Success": 242,
    "Fail": 8
   }
  ]
 ],
 "SecondaryResults": [
  {
   "TxLatencies": [
    127,
    133,
    136,
    136,
    141,
    144,
    145,
    145,
    146,
    146,
    147,
    149,
    151,
    152,
    152,
    153,
    160,
    161,
    161,
    161,
    161,
    163,
    166,
    167,
    168,
    168,
    168,
    169,
    171,
    176,
    177,
    177,
    177,
    177,
    177,
    181,
    182,
    182,
    183,
    186,
    189,
    189,
    190,
    190,
    192,
    192,
    193,
    193,
    193,
    193,
    196,
    196,
    196,
    197,
    197,
    197,
    198,
    198,
    200,
    200,
    200,
    202,
    202,
    203,
    204,
    204,
    206,
    209,
    211,
    211,
    213,
    214,
    214,
    217,
    217,
    218,
    218,
    221,
    221,
    222,
    223,
    223,
    223,
    223,
    223,
    226,
    227,
    227,
    228,
    229,
    229,
    230,
    230,
    231,
    231,
    231,
    236,
    236,
    239,
    242,
    242,
    243,
    243,
    244,
    244,
    248,
    249,
    249,
    250,
    250,
    250,
    251,
    251,
    251,
    251,
    251,
    252,
    252,
    253,
    254,
    257,
    257,
    258,
    258,
    260,
    260,
    261,
    262,
    263,
    264,
    267,
    267,
    273,
    273,
    273,
    275,
    275,
    275,
    277,
    279,
    279,
    279,
    280,
    281,
    283,
    284,
    284,
    284,
    285,
    285,
    287,
    287,
    288,
    288,
    290,
    290,
    291,
    292,
    292,
    293,
    293,
    294,
    298,
    300,
    300,
    300,
    300,
    302,
    302,
    303,
    306,
    306,
    306,
    309,
    309,
    309,
    315,
    317,
    317,
    325,
    326,
    328,
    331,
    331,
    334,
    334,
    334,
    334,
    337,
    347,
    347,
    364,
    414,
    441,
    441,
    628,
    747,
    747,
    778,
    780,
    798,
    798,
    828,
    834,
    834,
    848,
    848,
    863,
    878,
    882,
    887,
    914,
    1098,
    1144,
    1776,
    2040,
    2083,
    2109,
    2147,
    2156,
    2297,
    3999,
    4090,
    4285,
    4328,
    4412,
    4441,
    4762,
    4900
   ],
   "AverageLatency": 491.5807860262009,
   "MedianLatency": 251,
   "Throughput": 6.1891891891891895,
   "ThroughputSeconds": [
    0,
    0,
    0,
    0,
    5,
    10,
    8,
    10,
    8,
    9,
    11,
    11,
    10,
    9,
    9,
    10,
    6,
    7,
    10,
    8,
    10,
    9,
    9,
    10,
    9,
    9,
    11,
    10,
    9,
    1,
    1,
    0,
    0,
    0,
    0,
    0,
    0
   ],
   "Success": 229,
   "Fail": 21
  },
  {
   "TxLatencies": [
    101,
    101,
    101,
    116,
    117,
    117,
    119,
    119,
    120,
    124,
    125,
    126,
    127,
    130,
    130,
    133,
    133,
    133,
    133,
    135,
    136,
    136,
    136,
    141,
    142,
    142,
    143,
    152,
    152,
    155,
    156,
    156,
    157,
    158,
    158,
    159,
    159,
    162,
    162,
    162,
    163,
    163,
    163,
    165,
    165,
    165,
    165,
    167,
    171,
    171,
    172,
    173,
    173,
    173,
    174,
    177,
    180,
    180,
    183,
    184,
    184,
    187,
    187,
    187,
    188,
    188,
    190,
    190,
    193,
    193,
    193,
    194,
    195,
    195,
    195,
    196,
    197,
    198,
    198,
    199,
    200,
    200,
    200,
    202,
    206,
    206,
    206,
    209,
    209,
    211,
    213,
    214,
    214,
    214,
    214,
    217,
    218,
    218,
    218,
    218,
    218,
    218,
    221,
    222,
    222,
    222,
    222,
    222,
    226,
    227,
    227,
    233,
    234,
    234,
    234,
    234,
    236,
    237,
    238,
    238,
    239,
    240,
    241,
    242,
    243,
    243,
    243,
    244,
    244,
    244,
    245,
    245,
    245,
    245,
    245,
    247,
    247,
    249,
    254,
    254,
    254,
    262,
    262,
    264,
    265,
    266,
    266,
    266,
    266,
    267,
    267,
    268,
    268,
    269,
    269,
    269,
    270,
    270,
    270,
    270,
    270,
    271,
    273,
    273,
    273,
    275,
    280,
    282,
    283,
    283,
    284,
    284,
    284,
    285,
    288,
    288,
    288,
    288,
    288,
    291,
    291,
    291,
    292,
    293,
    293,
    293,
    295,
    295,
    306,
    306,
    314,
    317,
    317,
    317,
    317,
    317,
    317,
    317,
    325,
    334,
    334,
    335,
    340,
    349,
    349,
    738,
    768,
    769,
    769,
    770,
    772,
    773,
    773,
    792,
    799,
    799,
    811,
    825,
    833,
    897,
    971,
    991,
    1130,
    1697,
    1857,
    1901,
    1912,
    1928,
    1947,
    1959,
    1993,
    2064,
    2127,
    2314,
    2325,
    2806,
    3965,
    4093,
    4124,
    4141,
    4150,
    4295
   ],
   "AverageLatency": 461.9834710743802,
   "MedianLatency": 239.5,
   "Throughput": 6.54054054054054,
   "ThroughputSeconds": [
    0,
    0,
    0,
    0,
    7,
    9,
    11,
    9,
    9,
    11,
    10,
    9,
    10,
    10,
    8,
    10,
    9,
    12,
    10,
    11,
    10,
    9,
    8,
    9,
    11,
    11,
    9,
    10,
    9,
    0,
    0,
    0,
    1,
    0,
    0,
    0,
    0
   ],
   "Success": 242,
   "Fail": 8
  }
 ],
 "MinLatency": 101,
 "AverageLatency": 476.7821285502905,
 "MaxLatency": 4900,
 "MedianLatency": 476.7821285502905,
 "AllTxLatencies": [
  211,
  260,
  251,
  203,
  334,
  287,
  2040,
  292,
  277,
  260,
  281,
  196,
  257,
  287,
  300,
  4285,
  169,
  887,
  300,
  290,
  168,
  4328,
  218,
  242,
  211,
  192,
  364,
  229,
  217,
  441,
  127,
  153,
  200,
  213,
  309,
  279,
  302,
  300,
  267,
  193,
  414,
  878,
  196,
  196,
  334,
  325,
  249,
  285,
  309,
  302,
  4090,
  223,
  242,
  290,
  168,
  284,
  798,
  1098,
  206,
  863,
  2156,
  279,
  229,
  251,
  200,
  251,
  306,
  204,
  217,
  303,
  182,
  292,
  249,
  197,
  317,
  263,
  293,
  848,
  280,
  4412,
  747,
  347,
  223,
  251,
  190,
  261,
  197,
  141,
  252,
  262,
  168,
  227,
  197,
  2147,
  231,
  347,
  258,
  161,
  152,
  1776,
  328,
  223,
  236,
  4441,
  152,
  222,
  231,
  243,
  291,
  275,
  294,
  202,
  227,
  284,
  331,
  183,
  166,
  202,
  288,
  258,
  288,
  136,
  218,
  798,
  2109,
  254,
  230,
  250,
  177,
  147,
  239,
  136,
  189,
  209,
  834,
  298,
  284,
  198,
  186,
  161,
  177,
  273,
  285,
  317,
  221,
  236,
  223,
  1144,
  204,
  144,
  193,
  182,
  200,
  828,
  3999,
  190,
  145,
  257,
  264,
  275,
  146,
  161,
  315,
  275,
  300,
  309,
  334,
  177,
  189,
  214,
  151,
  4762,
  177,
  628,
  441,
  337,
  2083,
  293,
  161,
  176,
  214,
  334,
  326,
  250,
  331,
  267,
  226,
  167,
  192,
  253,
  306,
  780,
  244,
  243,
  251,
  160,
  778,
  149,
  882,
  145,
  279,
  223,
  244,
  4900,
  198,
  231,
  283,
  133,
  2297,
  163,
  221,
  252,
  171,
  230,
  848,
  273,
  914,
  228,
  181,
  273,
  193,
  193,
  146,
  306,
  250,
  177,
  248,
  747,
  834,
  242,
  209,
  200,
  214,
  197,
  239,
  222,
  317,
  833,
  4295,
  4150,
  1959,
  177,
  282,
  194,
  190,
  222,
  195,
  292,
  227,
  271,
  193,
  236,
  233,
  295,
  218,
  1857,
  218,
  101,
  243,
  317,
  273,
  226,
  218,
  283,
  266,
  270,
  135,
  317,
  317,
  159,
  245,
  173,
  157,
  738,
  136,
  202,
  130,
  141,
  991,
  214,
  266,
  897,
  284,
  198,
  218,
  195,
  349,
  1993,
  142,
  152,
  126,
  267,
  234,
  116,
  188,
  101,
  200,
  1912,
  1697,
  187,
  156,
  240,
  127,
  193,
  1928,
  773,
  238,
  2127,
  288,
  792,
  199,
  119,
  254,
  2314,
  117,
  270,
  158,
  306,
  196,
  158,
  214,
  206,
  772,
  769,
  172,
  214,
  268,
  244,
  165,
  262,
  142,
  180,
  171,
  244,
  173,
  136,
  284,
  101,
  293,
  971,
  241,
  284,
  264,
  2806,
  270,
  218,
  184,
  165,
  222,
  269,
  184,
  234,
  209,
  2064,
  314,
  136,
  262,
  283,
  163,
  133,
  1947,
  254,
  206,
  273,
  167,
  267,
  124,
  120,
  334,
  159,
  335,
  254,
  165,
  211,
  162,
  317,
  247,
  291,
  349,
  163,
  143,
  811,
  174,
  245,
  193,
  117,
  234,
  244,
  1901,
  190,
  291,
  293,
  306,
  768,
  4093,
  770,
  288,
  285,
  133,
  173,
  288,
  243,
  293,
  125,
  234,
  165,
  4141,
  280,
  133,
  152,
  162,
  769,
  222,
  130,
  200,
  156,
  288,
  213,
  188,
  340,
  198,
  183,
  2325,
  1130,
  799,
  247,
  4124,
  218,
  187,
  266,
  187,
  221,
  799,
  275,
  206,
  227,
  162,
  238,
  195,
  3965,
  133,
  180,
  217,
  288,
  334,
  295,
  249,
  270,
  237,
  243,
  119,
  265,
  245,
  269,
  268,
  222,
  291,
  245,
  270,
  269,
  155,
  163,
  266,
  773,
  245,
  325,
  825,
  317,
  171,
  317,
  273
 ],
 "TotalThroughputOverTime": [
  0,
  0,
  0,
  0,
  12,
  19,
  19,
  19,
  17,
  20,
  21,
  20,
  20,
  19,
  17,
  20,
  15,
  19,
  20,
  19,
  20,
  18,
  17,
  19,
  20,
  20,
  20,
  20,
  18,
  1,
  1,
  0,
  1,
  0,
  0,
  0,
  0
 ],
 "AverageThroughputSecondaries": [
  6.1891891891891895,
  6.54054054054054
 ],
 "TotalThrouhgputPerSecondaryPerWindow": [
  [
   0,
   0,
   0,
   0,
   5,
   10,
   8,
   10,
   8,
   9,
   11,
   11,
   10,
   9,
   9,
   10,
   6,
   7,
   10,
   8,
   10,
   9,
   9,
   10,
   9,
   9,
   11,
   10,
   9,
   1,
   1,
   0,
   0,
   0,
   0,
   0,
   0
  ],
  [
   0,
   0,
   0,
   0,
   7,
   9,
   11,
   9,
   9,
   11,
   10,
   9,
   10,
   10,
   8,
   10,
   9,
   12,
   10,
   11,
   10,
   9,
   8,
   9,
   11,
   11,
   9,
   10,
   9,
   0,
   0,
   0,
   1,
   0,
   0,
   0,
   0
  ]
 ],
 "MaximumThroughput": 21,
 "MinimumThroughput": 0,
 "AverageThroughput": 12.72972972972973,
 "TotalSuccess": 471,
 "TotalFails": 29
}