{
 "RawResults": [
  [
   {
    "TxLatencies": [
     313,
     161,
     225,
     263,
     299,
     319,
     243,
     228,
     263,
     274,
     3944,
     288,
     147,
     295,
     204,
     251,
     166,
     272,
     185,
     287,
     145,
     251,
     2065,
     292,
     236,
     233,
     4773,
     212,
     166,
     198,
     285,
     277,
     189,
     813,
     314,
     259,
     205,
     166,
     233,
     302,
     169,
     332,
     198,
     233,
     147,
     274,
     126,
     229,
     388,
     2129,
     303,
     196,
     2054,
     191,
     206,
     222,
     167,
     189,
     136,
     711,
     277,
     292,
     179,
     183,
     215,
     145,
     185,
     272,
     224,
     240,
     212,
     240,
     121,
     197,
     218,
     213,
     292,
     158,
     4745,
     204,
     178,
     258,
     206,
     241,
     322,
     234,
     263,
     783,
     150,
     272,
     204,
     304,
     129,
     4769,
     150,
     185,
     235,
     2156,
     167,
     1048,
     136,
     153,
     178,
     159,
     286,
     253,
     147,
     233,
     785,
     136,
     257,
     768,
     2126,
     215,
     194,
     215,
     173,
     326,
     304,
     150,
     228,
     232,
     288,
     237,
     302,
     198,
     243,
     270,
     173,
     191,
     272,
     204,
     867,
     261,
     897,
     144,
     173,
     279,
     252,
     228,
     235,
     217,
     178,
     261,
     745,
     272,
     4388,
     185,
     273,
     270,
     299,
     173,
     205,
     4676,
     224,
     194,
     208,
     273,
     254,
     237,
     304,
     3959,
     272,
     257,
     248,
     209,
     228,
     270,
     299,
     185,
     285,
     153,
     960,
     224,
     316,
     287,
     307,
     290,
     146,
     312,
     148,
     217,
     957,
     224,
     258,
     253,
     189,
     273,
     169,
     237,
     284,
     298,
     257,
     255,
     277,
     273,
     232,
     169,
     316,
     229,
     316,
     304,
     861,
     144,
     290,
     234,
     204,
     189,
     711,
     332,
     3937,
     211,
     159,
     321,
     224,
     1043,
     237,
     229,
     201,
     280,
     207,
     303,
     953,
     179,
     144,
     822,
     257,
     277,
     185,
     213,
     150,
     866,
     1138
    ],
    "AverageLatency": 463.3218884120172,
    "MedianLatency": 0,
    "Throughput": 6.472222222222222,
    "ThroughputSeconds": [
     0,
     0,
     0,
     0,
     5,
     9,
     9,
     10,
     9,
     11,
     10,
     9,
     11,
     10,
     7,
     9,
     7,
     8,
     10,
     9,
     10,
     11,
     9,
     9,
     10,
     8,
     11,
     12,
     8,
     1,
     0,
     1,
     0,
     0,
     0,
     0
    ],
    "Success": 233,
    "Fail": 17
   }
  ],
  [
   {
    "TxLatencies": [
     210,
     184,
     179,
     252,
     201,
     189,
     1990,
     203,
     144,
     228,
     145,
     1887,
     228,
     4612,
     179,
     1137,
     294,
     273,
     328,
     258,
     188,
     163,
     190,
     203,
     189,
     240,
     3885,
     327,
     204,
     1957,
     167,
     788,
     313,
     4121,
     279,
     311,
     271,
     263,
     147,
     232,
     193,
     234,
     783,
     256,
     317,
     1961,
     252,
     272,
     311,
     167,
     258,
     292,
     242,
     751,
     328,
     263,
     258,
     220,
     278,
     188,
     235,
     192,
     313,
     145,
     259,
     237,
     229,
     174,
     303,
     249,
     211,
     286,
     228,
     196,
     292,
     207,
     2867,
     205,
     290,
     262,
     259,
     186,
     174,
     223,
     810,
     184,
     1768,
     225,
     281,
     262,
     4879,
     159,
     239,
     262,
     249,
     4125,
     298,
     211,
     307,
     1967,
     4311,
     225,
     240,
     179,
     201,
     144,
     189,
     256,
     276,
     203,
     225,
     235,
     176,
     234,
     249,
     265,
     287,
     314,
     959,
     259,
     254,
     159,
     284,
     254,
     262,
     249,
     297,
     193,
     788,
     290,
     290,
     255,
     240,
     774,
     280,
     281,
     957,
     214,
     223,
     290,
     251,
     189,
     279,
     229,
     249,
     326,
     769,
     135,
     234,
     206,
     1150,
     198,
     186,
     321,
     281,
     158,
     168,
     184,
     872,
     225,
     2096,
     306,
     186,
     144,
     232,
     174,
     235,
     1916,
     254,
     202,
     283,
     281,
     186,
     262,
     183,
     237,
     273,
     650,
     250,
     319,
     228,
     148,
     198,
     2760,
     196,
     183,
     304,
     278,
     208,
     143,
     153,
     254,
     1728,
     160,
     254,
     220,
     247,
     214,
     262,
     262,
     190,
     228,
     174,
     208,
     147,
     316,
     259,
     302,
     189,
     232,
     711,
     262,
     159,
     874,
     267,
     207,
     254,
     168,
     259,
     145,
     211,
     148,
     349,
     217,
     284,
     158,
     1750,
     262,
     183,
     241,
     206,
     160,
     240,
     256
    ],
    "AverageLatency": 470.02991452991455,
    "MedianLatency": 0,
    "Throughput": 6.5,
    "ThroughputSeconds": [
     0,
     0,
     0,
     0,
     7,
     9,
     10,
     10,
     10,
     8,
     11,
     9,
     8,
     10,
     9,
     10,
     10,
     11,
     9,
     10,
     8,
     6,
     10,
     9,
     10,
     12,
     9,
     8,
     10,
     1,
     0,
     0,
     0,
     0,
     0,
     0
    ],
    "Success": 234,
    "Fail": 16
   }
  ]
 ],
 "SecondaryResults": [
  {
   "TxLatencies": [
    121,
    126,
    129,
    136,
    136,
    136,
    144,
    144,
    144,
    145,
    145,
    146,
    147,
    147,
    147,
    148,
    150,
    150,
    150,
    150,
    153,
    153,
    158,
    159,
    159,
    161,
    166,
    166,
    166,
    167,
    167,
    169,
    169,
    169,
    173,
    173,
    173,
    173,
    178,
    178,
    178,
    179,
    179,
    183,
    185,
    185,
    185,
    185,
    185,
    185,
    189,
    189,
    189,
    189,
    191,
    191,
    194,
    194,
    196,
    197,
    198,
    198,
    198,
    201,
    204,
    204,
    204,
    204,
    204,
    205,
    205,
    206,
    206,
    207,
    208,
    209,
    211,
    212,
    212,
    213,
    213,
    215,
    215,
    215,
    217,
    217,
    218,
    222,
    224,
    224,
    224,
    224,
    224,
    225,
    228,
    228,
    228,
    228,
    229,
    229,
    229,
    232,
    232,
    233,
    233,
    233,
    233,
    234,
    234,
    235,
    235,
    236,
    237,
    237,
    237,
    237,
    240,
    240,
    241,
    243,
    243,
    248,
    251,
    251,
    252,
    253,
    253,
    254,
    255,
    257,
    257,
    257,
    257,
    258,
    258,
    259,
    261,
    261,
    263,
    263,
    263,
    270,
    270,
    270,
    272,
    272,
    272,
    272,
    272,
    272,
    273,
    273,
    273,
    273,
    274,
    274,
    277,
    277,
    277,
    277,
    279,
    280,
    284,
    285,
    285,
    286,
    287,
    287,
    288,
    288,
    290,
    290,
    292,
    292,
    292,
    295,
    298,
    299,
    299,
    299,
    302,
    302,
    303,
    303,
    304,
    304,
    304,
    304,
    307,
    312,
    313,
    314,
    316,
    316,
    316,
    319,
    321,
    322,
    326,
    332,
    332,
    388,
    711,
    711,
    745,
    768,
    783,
    785,
    813,
    822,
    861,
    866,
    867,
    897,
    953,
    957,
    960,
    1043,
    1048,
    1138,
    2054,
    2065,
    2126,
    2129,
    2156,
    3937,
    3944,
    3959,
    4388,
    4676,
    4745,
    4769,
    4773
   ],
   "AverageLatency": 463.3218884120172,
   "MedianLatency": 240,
   "Throughput": 6.472222222222222,
   "ThroughputSeconds": [
    0,
    0,
    0,
    0,
    5,
    9,
    9,
    10,
    9,
    11,
    10,
    9,
    11,
    10,
    7,
    9,
    7,
    8,
    10,
    9,
    10,
    11,
    9,
    9,
    10,
    8,
    11,
    12,
    8,
    1,
    0,
    1,
    0,
    0,
    0,
    0
   ],
   "Success": 233,
   "Fail": 17
  },
  {
   "TxLatencies": [
    135,
    143,
    144,
    144,
    144,
    145,
    145,
    145,
    147,
    147,
    148,
    148,
    153,
    158,
    158,
    159,
    159,
    159,
    160,
    160,
    163,
    167,
    167,
    168,
    168,
    174,
    174,
    174,
    174,
    176,
    179,
    179,
    179,
    183,
    183,
    183,
    184,
    184,
    184,
    186,
    186,
    186,
    186,
    188,
    188,
    189,
    189,
    189,
    189,
    189,
    190,
    190,
    192,
    193,
    193,
    196,
    196,
    198,
    198,
    201,
    201,
    202,
    203,
    203,
    203,
    204,
    205,
    206,
    206,
    207,
    207,
    208,
    208,
    210,
    211,
    211,
    211,
    214,
    214,
    217,
    220,
    220,
    223,
    223,
    225,
    225,
    225,
    225,
    228,
    228,
    228,
    228,
    228,
    229,
    229,
    232,
    232,
    232,
    234,
    234,
    234,
    235,
    235,
    235,
    237,
    237,
    239,
    240,
    240,
    240,
    240,
    241,
    242,
    247,
    249,
    249,
    249,
    249,
    249,
    250,
    251,
    252,
    252,
    254,
    254,
    254,
    254,
    254,
    254,
    255,
    256,
    256,
    256,
    258,
    258,
    258,
    259,
    259,
    259,
    259,
    259,
    262,
    262,
    262,
    262,
    262,
    262,
    262,
    262,
    262,
    263,
    263,
    265,
    267,
    271,
    272,
    273,
    273,
    276,
    278,
    278,
    279,
    279,
    280,
    281,
    281,
    281,
    281,
    283,
    284,
    284,
    286,
    287,
    290,
    290,
    290,
    290,
    292,
    292,
    294,
    297,
    298,
    302,
    303,
    304,
    306,
    307,
    311,
    311,
    313,
    313,
    314,
    316,
    317,
    319,
    321,
    326,
    327,
    328,
    328,
    349,
    650,
    711,
    751,
    769,
    774,
    783,
    788,
    788,
    810,
    872,
    874,
    957,
    959,
    1137,
    1150,
    1728,
    1750,
    1768,
    1887,
    1916,
    1957,
    1961,
    1967,
    1990,
    2096,
    2760,
    2867,
    3885,
    4121,
    4125,
    4311,
    4612,
    4879
   ],
   "AverageLatency": 470.02991452991455,
   "MedianLatency": 249,
   "Throughput": 6.5,
   "ThroughputSeconds": [
    0,
    0,
    0,
    0,
    7,
    9,
    10,
    10,
    10,
    8,
    11,
    9,
    8,
    10,
    9,
    10,
    10,
    11,
    9,
    10,
    8,
    6,
    10,
    9,
    10,
    12,
    9,
    8,
    10,
    1,
    0,
    0,
    0,
    0,
    0,
    0
   ],
   "Success": 234,
   "Fail": 16
  }
 ],
 "MinLatency": 121,
 "AverageLatency": 466.67590147096587,
 "MaxLatency": 4879,
 "MedianLatency": 466.67590147096587,
 "AllTxLatencies": [
  313,
  161,
  225,
  263,
  299,
  319,
  243,
  228,
  263,
  274,
  3944,
  288,
  147,
  295,
  204,
  251,
  166,
  272,
  185,
  287,
  145,
  251,
  2065,
  292,
  236,
  233,
  4773,
  212,
  166,
  198,
  285,
  277,
  189,
  813,
  314,
  259,
  205,
  166,
  233,
  302,
  169,
  332,
  198,
  233,
  147,
  274,
  126,
  229,
  388,
  2129,
  303,
  196,
  2054,
  191,
  206,
  222,
  167,
  189,
  136,
  711,
  277,
  292,
  179,
  183,
  215,
  145,
  185,
  272,
  224,
  240,
  212,
  240,
  121,
  197,
  218,
  213,
  292,
  158,
  4745,
  204,
  178,
  258,
  206,
  241,
  322,
  234,
  263,
  783,
  150,
  272,
  204,
  304,
  129,
  4769,
  150,
  185,
  235,
  2156,
  167,
  1048,
  136,
  153,
  178,
  159,
  286,
  253,
  147,
  233,
  785,
  136,
  257,
  768,
  2126,
  215,
  194,
  215,
  173,
  326,
  304,
  150,
  228,
  232,
  288,
  237,
  302,
  198,
  243,
  270,
  173,
  191,
  272,
  204,
  867,
  261,
  897,
  144,
  173,
  279,
  252,
  228,
  235,
  217,
  178,
  261,
  745,
  272,
  4388,
  185,
  273,
  270,
  299,
  173,
  205,
  4676,
  224,
  194,
  208,
  273,
  254,
  237,
  304,
  3959,
  272,
  257,
  248,
  209,
  228,
  270,
  299,
  185,
  285,
  153,
  960,
  224,
  316,
  287,
  307,
  290,
  146,
  312,
  148,
  217,
  957,
  224,
  258,
  253,
  189,
  273,
  169,
  237,
  284,
  298,
  257,
  255,
  277,
  273,
  232,
  169,
  316,
  229,
  316,
  304,
  861,
  144,
  290,
  234,
  204,
  189,
  711,
  332,
  3937,
  211,
  159,
  321,
  224,
  1043,
  237,
  229,
  201,
  280,
  207,
  303,
  953,
  179,
  144,
  822,
  257,
  277,
  185,
  213,
  150,
  866,
  1138,
  210,
  184,
  179,
  252,
  201,
  189,
  1990,
  203,
  144,
  228,
  145,
  1887,
  228,
  4612,
  179,
  1137,
  294,
  273,
  328,
  258,
  188,
  163,
  190,
  203,
  189,
  240,
  3885,
  327,
  204,
  1957,
  167,
  788,
  313,
  4121,
  279,
  311,
  271,
  263,
  147,
  232,
  193,
  234,
  783,
  256,
  317,
  1961,
  252,
  272,
  311,
  167,
  258,
  292,
  242,
  751,
  328,
  263,
  258,
  220,
  278,
  188,
  235,
  192,
  313,
  145,
  259,
  237,
  229,
  174,
  303,
  249,
  211,
  286,
  228,
  196,
  292,
  207,
  2867,
  205,
  290,
  262,
  259,
  186,
  174,
  223,
  810,
  184,
  1768,
  225,
  281,
  262,
  4879,
  159,
  239,
  262,
  249,
  4125,
  298,
  211,
  307,
  1967,
  4311,
  225,
  240,
  179,
  201,
  144,
  189,
  256,
  276,
  203,
  225,
  235,
  176,
  234,
  249,
  265,
  287,
  314,
  959,
  259,
  254,
  159,
  284,
  254,
  262,
  249,
  297,
  193,
  788,
  290,
  290,
  255,
  240,
  774,
  280,
  281,
  957,
  214,
  223,
  290,
  251,
  189,
  279,
  229,
  249,
  326,
  769,
  135,
  234,
  206,
  1150,
  198,
  186,
  321,
  281,
  158,
  168,
  184,
  872,
  225,
  2096,
  306,
  186,
  144,
  232,
  174,
  235,
  1916,
  254,
  202,
  283,
  281,
  186,
  262,
  183,
  237,
  273,
  650,
  250,
  319,
  228,
  148,
  198,
  2760,
  196,
  183,
  304,
  278,
  208,
  143,
  153,
  254,
  1728,
  160,
  254,
  220,
  247,
  214,
  262,
  262,
  190,
  228,
  174,
  208,
  147,
  316,
  259,
  302,
  189,
  232,
  711,
  262,
  159,
  874,
  267,
  207,
  254,
  168,
  259,
  145,
  211,
  148,
  349,
  217,
  284,
  158,
  1750,
  262,
  183,
  241,
  206,
  160,
  240,
  256
 ],
 "TotalThroughputOverTime": [
  0,
  0,
  0,
  0,
  12,
  18,
  19,
  20,
  19,
  19,
  21,
  18,
  19,
  20,
  16,
  19,
  17,
  19,
  19,
  19,
  18,
  17,
  19,
  18,
  20,
  20,
  20,
  20,
  18,
  2,
  0,
  1,
  0,
  0,
  0,
  0
 ],
 "AverageThroughputSecondaries": [
  6.472222222222222,
  6.5
 ],
 "TotalThrouhgputPerSecondaryPerWindow": [
  [
   0,
   0,
   0,
   0,
   5,
   9,
   9,
   10,
   9,
   11,
   10,
   9,
   11,
   10,
   7,
   9,
   7,
   8,
   10,
   9,
   10,
   11,
   9,
   9,
   10,
   8,
   11,
   12,
   8,
   1,
   0,
   1,
   0,
   0,
   0,
   0
  ],
  [
   0,
   0,
   0,
   0,
   7,
   9,
   10,
   10,
   10,
   8,
   11,
   9,
   8,
   10,
   9,
   10,
   10,
   11,
   9,
   10,
   8,
   6,
   10,
   9,
   10,
   12,
   9,
   8,
   10,
   1,
   0,
   0,
   0,
   0,
   0,
   0
  ]
 ],
 "MaximumThroughput": 21,
 "MinimumThroughput": 0,
 "AverageThroughput": 12.972222222222221,
 "TotalSuccess": 467,
 "TotalFails": 33
}