{
 "RawResults": [
  [
   {
    "TxLatencies": [
     247,
     130,
     207,
     249,
     173,
     176,
     215,
     1121,
     212,
     255,
     226,
     180,
     183,
     249,
     197,
     220,
     210,
     180,
     244,
     287,
     292,
     120,
     142,
     132,
     177,
     191,
     136,
     165,
     278,
     276,
     252,
     204,
     252,
     300,
     242,
     299,
     146,
     277,
     200,
     183,
     1113,
     235,
     152,
     275,
     274,
     279,
     260,
     273,
     317,
     158,
     254,
     187,
     285,
     250,
     130,
     165,
     184,
     2174,
     259,
     279,
     274,
     278,
     147,
     1115,
     219,
     145,
     1132,
     207,
     254,
     220,
     253,
     158,
     255,
     130,
     170,
     308,
     142,
     113,
     317,
     305,
     247,
     219,
     300,
     191,
     215,
     199,
     220,
     305,
     141,
     252,
     155,
     265,
     201,
     250,
     250,
     200,
     264,
     191,
     250,
     275,
     136,
     252,
     150,
     223,
     188,
     316,
     177,
     234,
     253,
     210,
     299,
     243,
     276,
     175,
     184,
     147,
     297,
     165,
     248,
     279,
     200,
     202,
     307,
     226,
     195,
     276,
     270,
     158,
     147,
     290,
     211,
     302,
     165,
     189,
     171,
     221,
     191,
     165,
     319,
     235,
     1124,
     1142,
     321,
     328,
     181,
     146,
     223,
     189,
     200,
     242,
     240,
     228,
     305,
     252,
     277,
     176,
     243,
     181,
     129,
     274,
     120,
     171,
     279,
     290,
     182,
     191,
     317,
     1118,
     152,
     212,
     282,
     265,
     229,
     296,
     302,
     155,
     279,
     240,
     232,
     191,
     322,
     297,
     275,
     141,
     225,
     212,
     193,
     181,
     321,
     274,
     238,
     1145,
     189,
     1113,
     1136,
     224,
     188,
     142,
     147,
     232,
     299,
     202,
     302,
     145,
     117,
     1120,
     317,
     285,
     242,
     274,
     163,
     247,
     162,
     289,
     307,
     299,
     147,
     250,
     147,
     328,
     254,
     119,
     1145,
     206,
     118,
     177,
     158,
     196,
     219,
     118,
     212,
     1118,
     255,
     290,
     219,
     226,
     165,
     240,
     223,
     290,
     158,
     224,
     199,
     119,
     176,
     180,
     254,
     328,
     175,
     147
    ],
    "AverageLatency": 276.804,
    "MedianLatency": 0,
    "Throughput": 7.575757575757576,
    "ThroughputSeconds": [
     0,
     0,
     0,
     0,
     8,
     11,
     11,
     9,
     10,
     11,
     10,
     9,
     11,
     10,
     10,
     10,
     9,
     10,
     11,
     9,
     10,
     11,
     10,
     10,
     10,
     8,
     11,
     11,
     9,
     0,
     1,
     0,
     0
    ],
    "Success": 250,
    "Fail": 0
   }
  ],
  [
   {
    "TxLatencies": [
     268,
     240,
     165,
     139,
     209,
     139,
     259,
     255,
     310,
     164,
     252,
     165,
     180,
     261,
     1146,
     203,
     1145,
     197,
     304,
     255,
     128,
     302,
     280,
     280,
     294,
     281,
     242,
     148,
     241,
     173,
     281,
     296,
     209,
     278,
     1148,
     193,
     268,
     232,
     261,
     315,
     165,
     230,
     218,
     276,
     318,
     173,
     256,
     260,
     1124,
     245,
     164,
     279,
     275,
     302,
     187,
     187,
     301,
     288,
     271,
     185,
     279,
     308,
     257,
     134,
     298,
     1164,
     225,
     216,
     244,
     281,
     267,
     319,
     296,
     173,
     304,
     206,
     176,
     213,
     223,
     216,
     195,
     193,
     214,
     281,
     263,
     234,
     296,
     279,
     270,
     192,
     293,
     193,
     223,
     185,
     251,
     203,
     234,
     219,
     266,
     230,
     139,
     245,
     182,
     1140,
     187,
     214,
     225,
     173,
     244,
     295,
     304,
     232,
     185,
     257,
     190,
     267,
     259,
     217,
     255,
     314,
     256,
     213,
     244,
     318,
     199,
     316,
     179,
     253,
     301,
     179,
     243,
     240,
     219,
     277,
     216,
     238,
     141,
     164,
     232,
     1146,
     305,
     246,
     197,
     225,
     213,
     232,
     163,
     1145,
     266,
     262,
     211,
     205,
     180,
     310,
     314,
     295,
     211,
     211,
     292,
     292,
     319,
     279,
     263,
     326,
     2178,
     261,
     338,
     339,
     225,
     298,
     310,
     290,
     319,
     305,
     240,
     213,
     276,
     251,
     1160,
     160,
     199,
     276,
     182,
     244,
     179,
     316,
     152,
     205,
     339,
     141,
     241,
     148,
     128,
     304,
     230,
     302,
     179,
     260,
     135,
     266,
     290,
     250,
     193,
     184,
     218,
     295,
     216,
     241,
     296,
     237,
     245,
     308,
     221,
     281,
     141,
     244,
     338,
     296,
     270,
     237,
     284,
     173,
     293,
     139,
     213,
     206,
     206,
     268,
     279,
     134,
     145,
     149,
     218,
     293,
     278,
     228,
     271,
     293,
     225,
     271,
     1148,
     139,
     199,
     238,
     271,
     184,
     301,
     195,
     1139,
     267
    ],
    "AverageLatency": 286.48,
    "MedianLatency": 0,
    "Throughput": 7.575757575757576,
    "ThroughputSeconds": [
     0,
     0,
     0,
     0,
     10,
     10,
     10,
     9,
     11,
     10,
     8,
     12,
     10,
     8,
     11,
     11,
     9,
     11,
     10,
     9,
     11,
     10,
     8,
     11,
     11,
     10,
     10,
     10,
     9,
     0,
     1,
     0,
     0
    ],
    "Success": 250,
    "Fail": 0
   }
  ]
 ],
 "SecondaryResults": [
  {
   "TxLatencies": [
    113,
    117,
    118,
    118,
    119,
    119,
    120,
    120,
    129,
    130,
    130,
    130,
    132,
    136,
    136,
    141,
    141,
    142,
    142,
    142,
    145,
    145,
    146,
    146,
    147,
    147,
    147,
    147,
    147,
    147,
    147,
    150,
    152,
    152,
    155,
    155,
    158,
    158,
    158,
    158,
    158,
    162,
    163,
    165,
    165,
    165,
    165,
    165,
    165,
    170,
    171,
    171,
    173,
    175,
    175,
    176,
    176,
    176,
    177,
    177,
    177,
    180,
    180,
    180,
    181,
    181,
    181,
    182,
    183,
    183,
    184,
    184,
    187,
    188,
    188,
    189,
    189,
    189,
    191,
    191,
    191,
    191,
    191,
    191,
    193,
    195,
    196,
    197,
    199,
    199,
    200,
    200,
    200,
    200,
    201,
    202,
    202,
    204,
    206,
    207,
    207,
    210,
    210,
    211,
    212,
    212,
    212,
    212,
    215,
    215,
    219,
    219,
    219,
    219,
    220,
    220,
    220,
    221,
    223,
    223,
    223,
    224,
    224,
    225,
    226,
    226,
    226,
    228,
    229,
    232,
    232,
    234,
    235,
    235,
    238,
    240,
    240,
    240,
    242,
    242,
    242,
    243,
    243,
    244,
    247,
    247,
    247,
    248,
    249,
    249,
    250,
    250,
    250,
    250,
    250,
    252,
    252,
    252,
    252,
    252,
    253,
    253,
    254,
    254,
    254,
    254,
    255,
    255,
    255,
    259,
    260,
    264,
    265,
    265,
    270,
    273,
    274,
    274,
    274,
    274,
    274,
    275,
    275,
    275,
    276,
    276,
    276,
    277,
    277,
    278,
    278,
    279,
    279,
    279,
    279,
    279,
    282,
    285,
    285,
    287,
    289,
    290,
    290,
    290,
    290,
    292,
    296,
    297,
    297,
    299,
    299,
    299,
    299,
    300,
    300,
    302,
    302,
    302,
    305,
    305,
    305,
    307,
    307,
    308,
    316,
    317,
    317,
    317,
    317,
    319,
    321,
    321,
    322,
    328,
    328,
    328,
    1113,
    1113,
    1115,
    1118,
    1118,
    1120,
    1121,
    1124,
    1132,
    1136,
    1142,
    1145,
    1145,
    2174
   ],
   "AverageLatency": 276.804,
   "MedianLatency": 226,
   "Throughput": 7.575757575757576,
   "ThroughputSeconds": [
    0,
    0,
    0,
    0,
    8,
    11,
    11,
    9,
    10,
    11,
    10,
    9,
    11,
    10,
    10,
    10,
    9,
    10,
    11,
    9,
    10,
    11,
    10,
    10,
    10,
    8,
    11,
    11,
    9,
    0,
    1,
    0,
    0
   ],
   "Success": 250,
   "Fail": 0
  },
  {
   "TxLatencies": [
    128,
    128,
    134,
    134,
    135,
    139,
    139,
    139,
    139,
    139,
    141,
    141,
    141,
    145,
    148,
    148,
    149,
    152,
    160,
    163,
    164,
    164,
    164,
    165,
    165,
    165,
    173,
    173,
    173,
    173,
    173,
    176,
    179,
    179,
    179,
    179,
    180,
    180,
    182,
    182,
    184,
    184,
    185,
    185,
    185,
    187,
    187,
    187,
    190,
    192,
    193,
    193,
    193,
    193,
    195,
    195,
    197,
    197,
    199,
    199,
    199,
    203,
    203,
    205,
    205,
    206,
    206,
    206,
    209,
    209,
    211,
    211,
    211,
    213,
    213,
    213,
    213,
    213,
    214,
    214,
    216,
    216,
    216,
    216,
    217,
    218,
    218,
    218,
    219,
    219,
    221,
    223,
    223,
    225,
    225,
    225,
    225,
    225,
    228,
    230,
    230,
    230,
    232,
    232,
    232,
    232,
    234,
    234,
    237,
    237,
    238,
    238,
    240,
    240,
    240,
    241,
    241,
    241,
    242,
    243,
    244,
    244,
    244,
    244,
    244,
    245,
    245,
    245,
    246,
    250,
    251,
    251,
    252,
    253,
    255,
    255,
    255,
    256,
    256,
    257,
    257,
    259,
    259,
    260,
    260,
    261,
    261,
    261,
    262,
    263,
    263,
    266,
    266,
    266,
    267,
    267,
    267,
    268,
    268,
    268,
    270,
    270,
    271,
    271,
    271,
    271,
    275,
    276,
    276,
    276,
    277,
    278,
    278,
    279,
    279,
    279,
    279,
    279,
    280,
    280,
    281,
    281,
    281,
    281,
    281,
    284,
    288,
    290,
    290,
    292,
    292,
    293,
    293,
    293,
    293,
    294,
    295,
    295,
    295,
    296,
    296,
    296,
    296,
    296,
    298,
    298,
    301,
    301,
    301,
    302,
    302,
    302,
    304,
    304,
    304,
    304,
    305,
    305,
    308,
    308,
    310,
    310,
    310,
    314,
    314,
    315,
    316,
    316,
    318,
    318,
    319,
    319,
    319,
    326,
    338,
    338,
    339,
    339,
    1124,
    1139,
    1140,
    1145,
    1145,
    1146,
    1146,
    1148,
    1148,
    1160,
    1164,
    2178
   ],
   "AverageLatency": 286.48,
   "MedianLatency": 244.5,
   "Throughput": 7.575757575757576,
   "ThroughputSeconds": [
    0,
    0,
    0,
    0,
    10,
    10,
    10,
    9,
    11,
    10,
    8,
    12,
    10,
    8,
    11,
    11,
    9,
    11,
    10,
    9,
    11,
    10,
    8,
    11,
    11,
    10,
    10,
    10,
    9,
    0,
    1,
    0,
    0
   ],
   "Success": 250,
   "Fail": 0
  }
 ],
 "MinLatency": 113,
 "AverageLatency": 281.642,
 "MaxLatency": 2178,
 "MedianLatency": 281.642,
 "AllTxLatencies": [
  247,
  130,
  207,
  249,
  173,
  176,
  215,
  1121,
  212,
  255,
  226,
  180,
  183,
  249,
  197,
  220,
  210,
  180,
  244,
  287,
  292,
  120,
  142,
  132,
  177,
  191,
  136,
  165,
  278,
  276,
  252,
  204,
  252,
  300,
  242,
  299,
  146,
  277,
  200,
  183,
  1113,
  235,
  152,
  275,
  274,
  279,
  260,
  273,
  317,
  158,
  254,
  187,
  285,
  250,
  130,
  165,
  184,
  2174,
  259,
  279,
  274,
  278,
  147,
  1115,
  219,
  145,
  1132,
  207,
  254,
  220,
  253,
  158,
  255,
  130,
  170,
  308,
  142,
  113,
  317,
  305,
  247,
  219,
  300,
  191,
  215,
  199,
  220,
  305,
  141,
  252,
  155,
  265,
  201,
  250,
  250,
  200,
  264,
  191,
  250,
  275,
  136,
  252,
  150,
  223,
  188,
  316,
  177,
  234,
  253,
  210,
  299,
  243,
  276,
  175,
  184,
  147,
  297,
  165,
  248,
  279,
  200,
  202,
  307,
  226,
  195,
  276,
  270,
  158,
  147,
  290,
  211,
  302,
  165,
  189,
  171,
  221,
  191,
  165,
  319,
  235,
  1124,
  1142,
  321,
  328,
  181,
  146,
  223,
  189,
  200,
  242,
  240,
  228,
  305,
  252,
  277,
  176,
  243,
  181,
  129,
  274,
  120,
  171,
  279,
  290,
  182,
  191,
  317,
  1118,
  152,
  212,
  282,
  265,
  229,
  296,
  302,
  155,
  279,
  240,
  232,
  191,
  322,
  297,
  275,
  141,
  225,
  212,
  193,
  181,
  321,
  274,
  238,
  1145,
  189,
  1113,
  1136,
  224,
  188,
  142,
  147,
  232,
  299,
  202,
  302,
  145,
  117,
  1120,
  317,
  285,
  242,
  274,
  163,
  247,
  162,
  289,
  307,
  299,
  147,
  250,
  147,
  328,
  254,
  119,
  1145,
  206,
  118,
  177,
  158,
  196,
  219,
  118,
  212,
  1118,
  255,
  290,
  219,
  226,
  165,
  240,
  223,
  290,
  158,
  224,
  199,
  119,
  176,
  180,
  254,
  328,
  175,
  147,
  268,
  240,
  165,
  139,
  209,
  139,
  259,
  255,
  310,
  164,
  252,
  165,
  180,
  261,
  1146,
  203,
  1145,
  197,
  304,
  255,
  128,
  302,
  280,
  280,
  294,
  281,
  242,
  148,
  241,
  173,
  281,
  296,
  209,
  278,
  1148,
  193,
  268,
  232,
  261,
  315,
  165,
  230,
  218,
  276,
  318,
  173,
  256,
  260,
  1124,
  245,
  164,
  279,
  275,
  302,
  187,
  187,
  301,
  288,
  271,
  185,
  279,
  308,
  257,
  134,
  298,
  1164,
  225,
  216,
  244,
  281,
  267,
  319,
  296,
  173,
  304,
  206,
  176,
  213,
  223,
  216,
  195,
  193,
  214,
  281,
  263,
  234,
  296,
  279,
  270,
  192,
  293,
  193,
  223,
  185,
  251,
  203,
  234,
  219,
  266,
  230,
  139,
  245,
  182,
  1140,
  187,
  214,
  225,
  173,
  244,
  295,
  304,
  232,
  185,
  257,
  190,
  267,
  259,
  217,
  255,
  314,
  256,
  213,
  244,
  318,
  199,
  316,
  179,
  253,
  301,
  179,
  243,
  240,
  219,
  277,
  216,
  238,
  141,
  164,
  232,
  1146,
  305,
  246,
  197,
  225,
  213,
  232,
  163,
  1145,
  266,
  262,
  211,
  205,
  180,
  310,
  314,
  295,
  211,
  211,
  292,
  292,
  319,
  279,
  263,
  326,
  2178,
  261,
  338,
  339,
  225,
  298,
  310,
  290,
  319,
  305,
  240,
  213,
  276,
  251,
  1160,
  160,
  199,
  276,
  182,
  244,
  179,
  316,
  152,
  205,
  339,
  141,
  241,
  148,
  128,
  304,
  230,
  302,
  179,
  260,
  135,
  266,
  290,
  250,
  193,
  184,
  218,
  295,
  216,
  241,
  296,
  237,
  245,
  308,
  221,
  281,
  141,
  244,
  338,
  296,
  270,
  237,
  284,
  173,
  293,
  139,
  213,
  206,
  206,
  268,
  279,
  134,
  145,
  149,
  218,
  293,
  278,
  228,
  271,
  293,
  225,
  271,
  1148,
  139,
  199,
  238,
  271,
  184,
  301,
  195,
  1139,
  267
 ],
 "TotalThroughputOverTime": [
  0,
  0,
  0,
  0,
  18,
  21,
  21,
  18,
  21,
  21,
  18,
  21,
  21,
  18,
  21,
  21,
  18,
  21,
  21,
  18,
  21,
  21,
  18,
  21,
  21,
  18,
  21,
  21,
  18,
  0,
  2,
  0,
  0
 ],
 "AverageThroughputSecondaries": [
  7.575757575757576,
  7.575757575757576
 ],
 "TotalThrouhgputPerSecondaryPerWindow": [
  [
   0,
   0,
   0,
   0,
   8,
   11,
   11,
   9,
   10,
   11,
   10,
   9,
   11,
   10,
   10,
   10,
   9,
   10,
   11,
   9,
   10,
   11,
   10,
   10,
   10,
   8,
   11,
   11,
   9,
   0,
   1,
   0,
   0
  ],
  [
   0,
   0,
   0,
   0,
   10,
   10,
   10,
   9,
   11,
   10,
   8,
   12,
   10,
   8,
   11,
   11,
   9,
   11,
   10,
   9,
   11,
   10,
   8,
   11,
   11,
   10,
   10,
   10,
   9,
   0,
   1,
   0,
   0
  ]
 ],
 "MaximumThroughput": 21,
 "MinimumThroughput": 0,
 "AverageThroughput": 15.151515151515152,
 "TotalSuccess": 500,
 "TotalFails": 0
}