{
 "RawResults": [
  [
   {
    "TxLatencies": [
     186,
     283,
     303,
     340,
     171,
     255,
     198,
     327,
     261,
     274,
     272,
     300,
     326,
     293,
     1155,
     1150,
     215,
     256,
     261,
     198,
     220,
     322,
     272,
     302,
     201,
     246,
     216,
     322,
     243,
     2164,
     323,
     208,
     174,
     189,
     181,
     304,
     221,
     360,
     229,
     296,
     191,
     1145,
     223,
     1155,
     150,
     252,
     301,
     248,
     302,
     203,
     223,
     272,
     220,
     322,
     293,
     261,
     292,
     242,
     304,
     293,
     248,
     246,
     198,
     208,
     159,
     183,
     248,
     153,
     190,
     300,
     272,
     330,
     216,
     245,
     129,
     270,
     311,
     257,
     274,
     146,
     205,
     330,
     340,
     244,
     247,
     232,
     158,
     273,
     201,
     333,
     1145,
     267,
     184,
     358,
     191,
     344,
     120,
     293,
     229,
     323,
     1140,
     311,
     175,
     181,
     175,
     234,
     271,
     179,
     271,
     301,
     155,
     207,
     254,
     333,
     272,
     255,
     280,
     1159,
     159,
     330,
     132,
     322,
     210,
     139,
     166,
     399,
     292,
     209,
     189,
     195,
     240,
     311,
     220,
     360,
     302,
     302,
     146,
     201,
     220,
     205,
     322,
     296,
     153,
     1129,
     1147,
     215,
     186,
     303,
     340,
     281,
     269,
     205,
     230,
     328,
     211,
     1174,
     199,
     215,
     171,
     302,
     227,
     267,
     261,
     1148,
     1148,
     216,
     218,
     272,
     179,
     247,
     250,
     227,
     274,
     139,
     303,
     276,
     299,
     327,
     293,
     272,
     152,
     242,
     229,
     184,
     139,
     171,
     268,
     281,
     221,
     210,
     145,
     159,
     1139,
     328,
     268,
     323,
     140,
     146,
     267,
     257,
     399,
     302,
     156,
     230,
     254,
     244,
     246,
     215,
     229,
     255,
     244,
     263,
     215,
     274,
     311,
     234,
     311,
     209,
     208,
     1146,
     229,
     274,
     220,
     189,
     272,
     323,
     255,
     256,
     283,
     271,
     240,
     274,
     267,
     336,
     132,
     209,
     248,
     243,
     371,
     203,
     292,
     238,
     276,
     238,
     255,
     328,
     273,
     239,
     190,
     252
    ],
    "AverageLatency": 305.28,
    "MedianLatency": 0,
    "Throughput": 7.575757575757576,
    "ThroughputSeconds": [
     0,
     0,
     0,
     0,
     10,
     10,
     10,
     9,
     10,
     11,
     8,
     11,
     11,
     8,
     11,
     11,
     9,
     10,
     11,
     9,
     11,
     10,
     10,
     9,
     11,
     8,
     12,
     10,
     9,
     0,
     1,
     0,
     0
    ],
    "Success": 250,
    "Fail": 0
   }
  ],
  [
   {
    "TxLatencies": [
     239,
     266,
     136,
     253,
     148,
     195,
     356,
     135,
     275,
     205,
     266,
     143,
     152,
     225,
     129,
     162,
     181,
     291,
     314,
     343,
     325,
     142,
     147,
     108,
     263,
     222,
     1133,
     229,
     382,
     173,
     1136,
     240,
     167,
     136,
     210,
     1147,
     157,
     276,
     206,
     165,
     188,
     245,
     1148,
     129,
     162,
     160,
     210,
     142,
     284,
     218,
     164,
     368,
     344,
     217,
     253,
     245,
     1103,
     188,
     247,
     265,
     197,
     138,
     1123,
     222,
     274,
     172,
     197,
     225,
     203,
     297,
     381,
     276,
     142,
     138,
     222,
     263,
     212,
     287,
     208,
     201,
     356,
     242,
     150,
     251,
     160,
     295,
     266,
     148,
     351,
     161,
     281,
     305,
     124,
     314,
     192,
     239,
     269,
     147,
     314,
     246,
     320,
     260,
     164,
     247,
     152,
     114,
     153,
     229,
     195,
     244,
     187,
     287,
     249,
     179,
     268,
     327,
     390,
     197,
     255,
     275,
     242,
     197,
     251,
     196,
     182,
     263,
     210,
     291,
     356,
     225,
     168,
     275,
     221,
     232,
     180,
     317,
     1129,
     188,
     205,
     142,
     234,
     261,
     142,
     197,
     196,
     168,
     206,
     164,
     1129,
     182,
     344,
     1084,
     170,
     117,
     251,
     268,
     352,
     325,
     117,
     150,
     206,
     229,
     147,
     222,
     221,
     244,
     246,
     167,
     305,
     157,
     253,
     225,
     233,
     290,
     1147,
     343,
     243,
     187,
     327,
     260,
     249,
     227,
     234,
     168,
     246,
     263,
     229,
     203,
     201,
     265,
     135,
     123,
     243,
     220,
     275,
     143,
     117,
     329,
     180,
     182,
     114,
     243,
     317,
     196,
     208,
     159,
     244,
     136,
     160,
     205,
     247,
     260,
     175,
     220,
     187,
     280,
     249,
     142,
     247,
     113,
     222,
     197,
     165,
     326,
     280,
     150,
     181,
     327,
     297,
     280,
     150,
     164,
     265,
     275,
     228,
     2164,
     157,
     164,
     381,
     217,
     233,
     127,
     287,
     351,
     187,
     187,
     304,
     128,
     225,
     247
    ],
    "AverageLatency": 267.672,
    "MedianLatency": 0,
    "Throughput": 7.575757575757576,
    "ThroughputSeconds": [
     0,
     0,
     0,
     0,
     8,
     11,
     11,
     9,
     11,
     10,
     10,
     10,
     10,
     10,
     10,
     10,
     9,
     11,
     10,
     9,
     10,
     11,
     8,
     12,
     10,
     10,
     9,
     11,
     9,
     0,
     1,
     0,
     0
    ],
    "Success": 250,
    "Fail": 0
   }
  ]
 ],
 "SecondaryResults": [
  {
   "TxLatencies": [
    120,
    129,
    132,
    132,
    139,
    139,
    139,
    140,
    145,
    146,
    146,
    146,
    150,
    152,
    153,
    153,
    155,
    156,
    158,
    159,
    159,
    159,
    166,
    171,
    171,
    171,
    174,
    175,
    175,
    179,
    179,
    181,
    181,
    183,
    184,
    184,
    186,
    186,
    189,
    189,
    189,
    190,
    190,
    191,
    191,
    195,
    198,
    198,
    198,
    199,
    201,
    201,
    201,
    203,
    203,
    205,
    205,
    205,
    207,
    208,
    208,
    208,
    209,
    209,
    209,
    210,
    210,
    211,
    215,
    215,
    215,
    215,
    215,
    216,
    216,
    216,
    218,
    220,
    220,
    220,
    220,
    220,
    221,
    221,
    223,
    223,
    227,
    227,
    229,
    229,
    229,
    229,
    229,
    230,
    230,
    232,
    234,
    234,
    238,
    238,
    239,
    240,
    240,
    242,
    242,
    243,
    243,
    244,
    244,
    244,
    245,
    246,
    246,
    246,
    247,
    247,
    248,
    248,
    248,
    248,
    250,
    252,
    252,
    254,
    254,
    255,
    255,
    255,
    255,
    255,
    256,
    256,
    257,
    257,
    261,
    261,
    261,
    261,
    263,
    267,
    267,
    267,
    267,
    268,
    268,
    269,
    270,
    271,
    271,
    271,
    272,
    272,
    272,
    272,
    272,
    272,
    272,
    272,
    273,
    273,
    274,
    274,
    274,
    274,
    274,
    274,
    276,
    276,
    280,
    281,
    281,
    283,
    283,
    292,
    292,
    292,
    293,
    293,
    293,
    293,
    293,
    296,
    296,
    299,
    300,
    300,
    301,
    301,
    302,
    302,
    302,
    302,
    302,
    302,
    303,
    303,
    303,
    304,
    304,
    311,
    311,
    311,
    311,
    311,
    322,
    322,
    322,
    322,
    322,
    323,
    323,
    323,
    323,
    326,
    327,
    327,
    328,
    328,
    328,
    330,
    330,
    330,
    333,
    333,
    336,
    340,
    340,
    340,
    344,
    358,
    360,
    360,
    371,
    399,
    399,
    1129,
    1139,
    1140,
    1145,
    1145,
    1146,
    1147,
    1148,
    1148,
    1150,
    1155,
    1155,
    1159,
    1174,
    2164
   ],
   "AverageLatency": 305.28,
   "MedianLatency": 254.5,
   "Throughput": 7.575757575757576,
   "ThroughputSeconds": [
    0,
    0,
    0,
    0,
    10,
    10,
    10,
    9,
    10,
    11,
    8,
    11,
    11,
    8,
    11,
    11,
    9,
    10,
    11,
    9,
    11,
    10,
    10,
    9,
    11,
    8,
    12,
    10,
    9,
    0,
    1,
    0,
    0
   ],
   "Success": 250,
   "Fail": 0
  },
  {
   "TxLatencies": [
    108,
    113,
    114,
    114,
    117,
    117,
    117,
    123,
    124,
    127,
    128,
    129,
    129,
    135,
    135,
    136,
    136,
    136,
    138,
    138,
    142,
    142,
    142,
    142,
    142,
    142,
    143,
    143,
    147,
    147,
    147,
    148,
    148,
    150,
    150,
    150,
    150,
    152,
    152,
    153,
    157,
    157,
    157,
    159,
    160,
    160,
    160,
    161,
    162,
    162,
    164,
    164,
    164,
    164,
    164,
    165,
    165,
    167,
    167,
    168,
    168,
    168,
    170,
    172,
    173,
    175,
    179,
    180,
    180,
    181,
    181,
    182,
    182,
    182,
    187,
    187,
    187,
    187,
    187,
    188,
    188,
    188,
    192,
    195,
    195,
    196,
    196,
    196,
    197,
    197,
    197,
    197,
    197,
    197,
    201,
    201,
    203,
    203,
    205,
    205,
    205,
    206,
    206,
    206,
    208,
    208,
    210,
    210,
    210,
    212,
    217,
    217,
    218,
    220,
    220,
    221,
    221,
    222,
    222,
    222,
    222,
    222,
    225,
    225,
    225,
    225,
    225,
    227,
    228,
    229,
    229,
    229,
    229,
    232,
    233,
    233,
    234,
    234,
    239,
    239,
    240,
    242,
    242,
    243,
    243,
    243,
    244,
    244,
    244,
    245,
    245,
    246,
    246,
    246,
    247,
    247,
    247,
    247,
    247,
    249,
    249,
    249,
    251,
    251,
    251,
    253,
    253,
    253,
    255,
    260,
    260,
    260,
    261,
    263,
    263,
    263,
    263,
    265,
    265,
    265,
    266,
    266,
    266,
    268,
    268,
    269,
    274,
    275,
    275,
    275,
    275,
    275,
    276,
    276,
    280,
    280,
    280,
    281,
    284,
    287,
    287,
    287,
    290,
    291,
    291,
    295,
    297,
    297,
    304,
    305,
    305,
    314,
    314,
    314,
    317,
    317,
    320,
    325,
    325,
    326,
    327,
    327,
    327,
    329,
    343,
    343,
    344,
    344,
    351,
    351,
    352,
    356,
    356,
    356,
    368,
    381,
    381,
    382,
    390,
    1084,
    1103,
    1123,
    1129,
    1129,
    1133,
    1136,
    1147,
    1147,
    1148,
    2164
   ],
   "AverageLatency": 267.672,
   "MedianLatency": 225,
   "Throughput": 7.575757575757576,
   "ThroughputSeconds": [
    0,
    0,
    0,
    0,
    8,
    11,
    11,
    9,
    11,
    10,
    10,
    10,
    10,
    10,
    10,
    10,
    9,
    11,
    10,
    9,
    10,
    11,
    8,
    12,
    10,
    10,
    9,
    11,
    9,
    0,
    1,
    0,
    0
   ],
   "Success": 250,
   "Fail": 0
  }
 ],
 "MinLatency": 108,
 "AverageLatency": 286.476,
 "MaxLatency": 2164,
 "MedianLatency": 286.476,
 "AllTxLatencies": [
  186,
  283,
  303,
  340,
  171,
  255,
  198,
  327,
  261,
  274,
  272,
  300,
  326,
  293,
  1155,
  1150,
  215,
  256,
  261,
  198,
  220,
  322,
  272,
  302,
  201,
  246,
  216,
  322,
  243,
  2164,
  323,
  208,
  174,
  189,
  181,
  304,
  221,
  360,
  229,
  296,
  191,
  1145,
  223,
  1155,
  150,
  252,
  301,
  248,
  302,
  203,
  223,
  272,
  220,
  322,
  293,
  261,
  292,
  242,
  304,
  293,
  248,
  246,
  198,
  208,
  159,
  183,
  248,
  153,
  190,
  300,
  272,
  330,
  216,
  245,
  129,
  270,
  311,
  257,
  274,
  146,
  205,
  330,
  340,
  244,
  247,
  232,
  158,
  273,
  201,
  333,
  1145,
  267,
  184,
  358,
  191,
  344,
  120,
  293,
  229,
  323,
  1140,
  311,
  175,
  181,
  175,
  234,
  271,
  179,
  271,
  301,
  155,
  207,
  254,
  333,
  272,
  255,
  280,
  1159,
  159,
  330,
  132,
  322,
  210,
  139,
  166,
  399,
  292,
  209,
  189,
  195,
  240,
  311,
  220,
  360,
  302,
  302,
  146,
  201,
  220,
  205,
  322,
  296,
  153,
  1129,
  1147,
  215,
  186,
  303,
  340,
  281,
  269,
  205,
  230,
  328,
  211,
  1174,
  199,
  215,
  171,
  302,
  227,
  267,
  261,
  1148,
  1148,
  216,
  218,
  272,
  179,
  247,
  250,
  227,
  274,
  139,
  303,
  276,
  299,
  327,
  293,
  272,
  152,
  242,
  229,
  184,
  139,
  171,
  268,
  281,
  221,
  210,
  145,
  159,
  1139,
  328,
  268,
  323,
  140,
  146,
  267,
  257,
  399,
  302,
  156,
  230,
  254,
  244,
  246,
  215,
  229,
  255,
  244,
  263,
  215,
  274,
  311,
  234,
  311,
  209,
  208,
  1146,
  229,
  274,
  220,
  189,
  272,
  323,
  255,
  256,
  283,
  271,
  240,
  274,
  267,
  336,
  132,
  209,
  248,
  243,
  371,
  203,
  292,
  238,
  276,
  238,
  255,
  328,
  273,
  239,
  190,
  252,
  239,
  266,
  136,
  253,
  148,
  195,
  356,
  135,
  275,
  205,
  266,
  143,
  152,
  225,
  129,
  162,
  181,
  291,
  314,
  343,
  325,
  142,
  147,
  108,
  263,
  222,
  1133,
  229,
  382,
  173,
  1136,
  240,
  167,
  136,
  210,
  1147,
  157,
  276,
  206,
  165,
  188,
  245,
  1148,
  129,
  162,
  160,
  210,
  142,
  284,
  218,
  164,
  368,
  344,
  217,
  253,
  245,
  1103,
  188,
  247,
  265,
  197,
  138,
  1123,
  222,
  274,
  172,
  197,
  225,
  203,
  297,
  381,
  276,
  142,
  138,
  222,
  263,
  212,
  287,
  208,
  201,
  356,
  242,
  150,
  251,
  160,
  295,
  266,
  148,
  351,
  161,
  281,
  305,
  124,
  314,
  192,
  239,
  269,
  147,
  314,
  246,
  320,
  260,
  164,
  247,
  152,
  114,
  153,
  229,
  195,
  244,
  187,
  287,
  249,
  179,
  268,
  327,
  390,
  197,
  255,
  275,
  242,
  197,
  251,
  196,
  182,
  263,
  210,
  291,
  356,
  225,
  168,
  275,
  221,
  232,
  180,
  317,
  1129,
  188,
  205,
  142,
  234,
  261,
  142,
  197,
  196,
  168,
  206,
  164,
  1129,
  182,
  344,
  1084,
  170,
  117,
  251,
  268,
  352,
  325,
  117,
  150,
  206,
  229,
  147,
  222,
  221,
  244,
  246,
  167,
  305,
  157,
  253,
  225,
  233,
  290,
  1147,
  343,
  243,
  187,
  327,
  260,
  249,
  227,
  234,
  168,
  246,
  263,
  229,
  203,
  201,
  265,
  135,
  123,
  243,
  220,
  275,
  143,
  117,
  329,
  180,
  182,
  114,
  243,
  317,
  196,
  208,
  159,
  244,
  136,
  160,
  205,
  247,
  260,
  175,
  220,
  187,
  280,
  249,
  142,
  247,
  113,
  222,
  197,
  165,
  326,
  280,
  150,
  181,
  327,
  297,
  280,
  150,
  164,
  265,
  275,
  228,
  2164,
  157,
  164,
  381,
  217,
  233,
  127,
  287,
  351,
  187,
  187,
  304,
  128,
  225,
  247
 ],
 "TotalThroughputOverTime": [
  0,
  0,
  0,
  0,
  18,
  21,
  21,
  18,
  21,
  21,
  18,
  21,
  21,
  18,
  21,
  21,
  18,
  21,
  21,
  18,
  21,
  21,
  18,
  21,
  21,
  18,
  21,
  21,
  18,
  0,
  2,
  0,
  0
 ],
 "AverageThroughputSecondaries": [
  7.575757575757576,
  7.575757575757576
 ],
 "TotalThrouhgputPerSecondaryPerWindow": [
  [
   0,
   0,
   0,
   0,
   10,
   10,
   10,
   9,
   10,
   11,
   8,
   11,
   11,
   8,
   11,
   11,
   9,
   10,
   11,
   9,
   11,
   10,
   10,
   9,
   11,
   8,
   12,
   10,
   9,
   0,
   1,
   0,
   0
  ],
  [
   0,
   0,
   0,
   0,
   8,
   11,
   11,
   9,
   11,
   10,
   10,
   10,
   10,
   10,
   10,
   10,
   9,
   11,
   10,
   9,
   10,
   11,
   8,
   12,
   10,
   10,
   9,
   11,
   9,
   0,
   1,
   0,
   0
  ]
 ],
 "MaximumThroughput": 21,
 "MinimumThroughput": 0,
 "AverageThroughput": 15.151515151515152,
 "TotalSuccess": 500,
 "TotalFails": 0
}