{
 "RawResults": [
  [
   {
    "TxLatencies": [
     150,
     220,
     314,
     1165,
     298,
     276,
     228,
     314,
     196,
     256,
     203,
     299,
     238,
     160,
     198,
     263,
     227,
     130,
     308,
     139,
     1130,
     227,
     203,
     279,
     231,
     252,
     184,
     313,
     216,
     196,
     271,
     241,
     170,
     287,
     266,
     1038,
     235,
     243,
     204,
     166,
     218,
     266,
     165,
     243,
     228,
     231,
     130,
     231,
     278,
     260,
     204,
     242,
     288,
     183,
     941,
     334,
     336,
     190,
     271,
     290,
     307,
     889,
     265,
     237,
     259,
     150,
     1135,
     230,
     227,
     298,
     143,
     198,
     179,
     179,
     141,
     198,
     288,
     163,
     289,
     228,
     252,
     277,
     160,
     198,
     288,
     242,
     198,
     179,
     257,
     298,
     139,
     211,
     141,
     298,
     236,
     1767,
     199,
     198,
     156,
     179,
     293,
     139,
     240,
     311,
     141,
     166,
     243,
     297,
     269,
     211,
     206,
     198,
     987,
     216,
     237,
     1130,
     312,
     212,
     1166,
     228,
     204,
     183,
     276,
     325,
     141,
     212,
     245,
     165,
     178,
     206,
     231,
     312,
     860,
     262,
     179,
     212,
     192,
     165,
     287,
     297,
     1138,
     915,
     313,
     312,
     237,
     298,
     204,
     218,
     219,
     289,
     172,
     1139,
     175,
     235,
     228,
     216,
     135,
     141,
     238,
     273,
     314,
     183,
     257,
     234,
     288,
     230,
     179,
     176,
     1166,
     248,
     257,
     241,
     167,
     203,
     212,
     156,
     206,
     234,
     162,
     200,
     277,
     176,
     987,
     291,
     271,
     340,
     199,
     212,
     229,
     243,
     191,
     279,
     237,
     915,
     325,
     179,
     141,
     242,
     234,
     163,
     299,
     312,
     967,
     289,
     204,
     252,
     1167,
     317,
     262,
     223,
     222,
     264,
     259,
     967,
     181,
     236,
     229,
     228,
     198,
     1804,
     260,
     317,
     181,
     209,
     245,
     292,
     276,
     233,
     312,
     165,
     150,
     163,
     1139,
     1038,
     298,
     298,
     212,
     143,
     233,
     235,
     235,
     227,
     299,
     199,
     243,
     181,
     213,
     301,
     292,
     263
    ],
    "AverageLatency": 311.776,
    "MedianLatency": 0,
    "Throughput": 7.575757575757576,
    "ThroughputSeconds": [
     0,
     0,
     0,
     0,
     6,
     13,
     11,
     10,
     9,
     11,
     9,
     11,
     10,
     10,
     10,
     10,
     9,
     11,
     10,
     9,
     10,
     11,
     8,
     12,
     10,
     8,
     12,
     10,
     10,
     0,
     0,
     0,
     0
    ],
    "Success": 250,
    "Fail": 0
   }
  ],
  [
   {
    "TxLatencies": [
     161,
     264,
     291,
     189,
     262,
     325,
     204,
     340,
     310,
     152,
     178,
     251,
     238,
     167,
     292,
     278,
     211,
     311,
     205,
     337,
     314,
     137,
     159,
     167,
     159,
     266,
     269,
     1149,
     251,
     314,
     886,
     967,
     1729,
     312,
     233,
     217,
     286,
     1134,
     138,
     282,
     194,
     886,
     266,
     209,
     307,
     941,
     231,
     251,
     177,
     298,
     298,
     335,
     203,
     256,
     171,
     211,
     177,
     211,
     275,
     313,
     241,
     175,
     220,
     169,
     833,
     251,
     311,
     256,
     171,
     1141,
     227,
     264,
     217,
     266,
     231,
     150,
     278,
     1131,
     189,
     337,
     1729,
     311,
     290,
     273,
     228,
     2197,
     1804,
     286,
     238,
     143,
     288,
     1166,
     211,
     217,
     290,
     260,
     289,
     183,
     165,
     211,
     209,
     194,
     221,
     298,
     336,
     1833,
     325,
     289,
     296,
     205,
     188,
     198,
     253,
     290,
     273,
     248,
     859,
     267,
     234,
     1152,
     213,
     253,
     313,
     1770,
     167,
     941,
     288,
     251,
     257,
     179,
     229,
     289,
     177,
     203,
     288,
     1833,
     914,
     180,
     161,
     314,
     1770,
     312,
     290,
     265,
     288,
     264,
     289,
     190,
     190,
     265,
     130,
     1167,
     169,
     234,
     340,
     267,
     267,
     269,
     286,
     248,
     1156,
     221,
     266,
     313,
     237,
     188,
     311,
     222,
     266,
     311,
     188,
     243,
     259,
     278,
     253,
     200,
     286,
     987,
     301,
     160,
     267,
     149,
     244,
     200,
     244,
     1139,
     310,
     226,
     336,
     313,
     1042,
     235,
     292,
     295,
     215,
     291,
     241,
     317,
     275,
     205,
     289,
     1729,
     292,
     256,
     175,
     267,
     235,
     204,
     217,
     262,
     211,
     298,
     252,
     265,
     337,
     335,
     1804,
     183,
     310,
     262,
     278,
     290,
     238,
     1149,
     178,
     179,
     241,
     203,
     265,
     211,
     269,
     203,
     286,
     222,
     325,
     194,
     256,
     138,
     1139,
     311,
     165,
     266,
     325,
     1160,
     859,
     291,
     312,
     2197,
     204,
     301
    ],
    "AverageLatency": 390.36,
    "MedianLatency": 0,
    "Throughput": 7.575757575757576,
    "ThroughputSeconds": [
     0,
     0,
     0,
     0,
     0,
     20,
     10,
     8,
     12,
     10,
     9,
     10,
     11,
     8,
     11,
     11,
     9,
     10,
     11,
     9,
     11,
     10,
     10,
     9,
     11,
     10,
     9,
     11,
     8,
     0,
     2,
     0,
     0
    ],
    "Success": 250,
    "Fail": 0
   }
  ]
 ],
 "SecondaryResults": [
  {
   "TxLatencies": [
    130,
    130,
    135,
    139,
    139,
    139,
    141,
    141,
    141,
    141,
    141,
    141,
    143,
    143,
    150,
    150,
    150,
    156,
    156,
    160,
    160,
    162,
    163,
    163,
    163,
    165,
    165,
    165,
    165,
    166,
    166,
    167,
    170,
    172,
    175,
    176,
    176,
    178,
    179,
    179,
    179,
    179,
    179,
    179,
    179,
    181,
    181,
    181,
    183,
    183,
    183,
    184,
    190,
    191,
    192,
    196,
    196,
    198,
    198,
    198,
    198,
    198,
    198,
    198,
    198,
    199,
    199,
    199,
    200,
    203,
    203,
    203,
    204,
    204,
    204,
    204,
    204,
    206,
    206,
    206,
    209,
    211,
    211,
    212,
    212,
    212,
    212,
    212,
    212,
    213,
    216,
    216,
    216,
    218,
    218,
    219,
    220,
    222,
    223,
    227,
    227,
    227,
    227,
    228,
    228,
    228,
    228,
    228,
    228,
    229,
    229,
    230,
    230,
    231,
    231,
    231,
    231,
    233,
    233,
    234,
    234,
    234,
    235,
    235,
    235,
    235,
    236,
    236,
    237,
    237,
    237,
    237,
    238,
    238,
    240,
    241,
    241,
    242,
    242,
    242,
    243,
    243,
    243,
    243,
    243,
    245,
    245,
    248,
    252,
    252,
    252,
    256,
    257,
    257,
    257,
    259,
    259,
    260,
    260,
    262,
    262,
    263,
    263,
    264,
    265,
    266,
    266,
    269,
    271,
    271,
    271,
    273,
    276,
    276,
    276,
    277,
    277,
    278,
    279,
    279,
    287,
    287,
    288,
    288,
    288,
    288,
    289,
    289,
    289,
    290,
    291,
    292,
    292,
    293,
    297,
    297,
    298,
    298,
    298,
    298,
    298,
    298,
    298,
    299,
    299,
    299,
    301,
    307,
    308,
    311,
    312,
    312,
    312,
    312,
    312,
    313,
    313,
    314,
    314,
    314,
    317,
    317,
    325,
    325,
    334,
    336,
    340,
    860,
    889,
    915,
    915,
    941,
    967,
    967,
    987,
    987,
    1038,
    1038,
    1130,
    1130,
    1135,
    1138,
    1139,
    1139,
    1165,
    1166,
    1166,
    1167,
    1767,
    1804
   ],
   "AverageLatency": 311.776,
   "MedianLatency": 235,
   "Throughput": 7.575757575757576,
   "ThroughputSeconds": [
    0,
    0,
    0,
    0,
    6,
    13,
    11,
    10,
    9,
    11,
    9,
    11,
    10,
    10,
    10,
    10,
    9,
    11,
    10,
    9,
    10,
    11,
    8,
    12,
    10,
    8,
    12,
    10,
    10,
    0,
    0,
    0,
    0
   ],
   "Success": 250,
   "Fail": 0
  },
  {
   "TxLatencies": [
    130,
    137,
    138,
    138,
    143,
    149,
    150,
    152,
    159,
    159,
    160,
    161,
    161,
    165,
    165,
    167,
    167,
    167,
    169,
    169,
    171,
    171,
    175,
    175,
    177,
    177,
    177,
    178,
    178,
    179,
    179,
    180,
    183,
    183,
    188,
    188,
    188,
    189,
    189,
    190,
    190,
    194,
    194,
    194,
    198,
    200,
    200,
    203,
    203,
    203,
    203,
    204,
    204,
    204,
    205,
    205,
    205,
    209,
    209,
    211,
    211,
    211,
    211,
    211,
    211,
    211,
    213,
    215,
    217,
    217,
    217,
    217,
    220,
    221,
    221,
    222,
    222,
    226,
    227,
    228,
    229,
    231,
    231,
    233,
    234,
    234,
    235,
    235,
    237,
    238,
    238,
    238,
    241,
    241,
    241,
    243,
    244,
    244,
    248,
    248,
    251,
    251,
    251,
    251,
    251,
    252,
    253,
    253,
    253,
    256,
    256,
    256,
    256,
    257,
    259,
    260,
    262,
    262,
    262,
    264,
    264,
    264,
    265,
    265,
    265,
    265,
    266,
    266,
    266,
    266,
    266,
    266,
    267,
    267,
    267,
    267,
    267,
    269,
    269,
    269,
    273,
    273,
    275,
    275,
    278,
    278,
    278,
    278,
    282,
    286,
    286,
    286,
    286,
    286,
    288,
    288,
    288,
    288,
    289,
    289,
    289,
    289,
    289,
    290,
    290,
    290,
    290,
    290,
    291,
    291,
    291,
    292,
    292,
    292,
    295,
    296,
    298,
    298,
    298,
    298,
    301,
    301,
    307,
    310,
    310,
    310,
    311,
    311,
    311,
    311,
    311,
    311,
    312,
    312,
    312,
    313,
    313,
    313,
    313,
    314,
    314,
    314,
    317,
    325,
    325,
    325,
    325,
    335,
    335,
    336,
    336,
    337,
    337,
    337,
    340,
    340,
    833,
    859,
    859,
    886,
    886,
    914,
    941,
    941,
    967,
    987,
    1042,
    1131,
    1134,
    1139,
    1139,
    1141,
    1149,
    1149,
    1152,
    1156,
    1160,
    1166,
    1167,
    1729,
    1729,
    1729,
    1770,
    1770,
    1804,
    1804,
    1833,
    1833,
    2197,
    2197
   ],
   "AverageLatency": 390.36,
   "MedianLatency": 265,
   "Throughput": 7.575757575757576,
   "ThroughputSeconds": [
    0,
    0,
    0,
    0,
    0,
    20,
    10,
    8,
    12,
    10,
    9,
    10,
    11,
    8,
    11,
    11,
    9,
    10,
    11,
    9,
    11,
    10,
    10,
    9,
    11,
    10,
    9,
    11,
    8,
    0,
    2,
    0,
    0
   ],
   "Success": 250,
   "Fail": 0
  }
 ],
 "MinLatency": 130,
 "AverageLatency": 351.068,
 "MaxLatency": 2197,
 "MedianLatency": 351.068,
 "AllTxLatencies": [
  150,
  220,
  314,
  1165,
  298,
  276,
  228,
  314,
  196,
  256,
  203,
  299,
  238,
  160,
  198,
  263,
  227,
  130,
  308,
  139,
  1130,
  227,
  203,
  279,
  231,
  252,
  184,
  313,
  216,
  196,
  271,
  241,
  170,
  287,
  266,
  1038,
  235,
  243,
  204,
  166,
  218,
  266,
  165,
  243,
  228,
  231,
  130,
  231,
  278,
  260,
  204,
  242,
  288,
  183,
  941,
  334,
  336,
  190,
  271,
  290,
  307,
  889,
  265,
  237,
  259,
  150,
  1135,
  230,
  227,
  298,
  143,
  198,
  179,
  179,
  141,
  198,
  288,
  163,
  289,
  228,
  252,
  277,
  160,
  198,
  288,
  242,
  198,
  179,
  257,
  298,
  139,
  211,
  141,
  298,
  236,
  1767,
  199,
  198,
  156,
  179,
  293,
  139,
  240,
  311,
  141,
  166,
  243,
  297,
  269,
  211,
  206,
  198,
  987,
  216,
  237,
  1130,
  312,
  212,
  1166,
  228,
  204,
  183,
  276,
  325,
  141,
  212,
  245,
  165,
  178,
  206,
  231,
  312,
  860,
  262,
  179,
  212,
  192,
  165,
  287,
  297,
  1138,
  915,
  313,
  312,
  237,
  298,
  204,
  218,
  219,
  289,
  172,
  1139,
  175,
  235,
  228,
  216,
  135,
  141,
  238,
  273,
  314,
  183,
  257,
  234,
  288,
  230,
  179,
  176,
  1166,
  248,
  257,
  241,
  167,
  203,
  212,
  156,
  206,
  234,
  162,
  200,
  277,
  176,
  987,
  291,
  271,
  340,
  199,
  212,
  229,
  243,
  191,
  279,
  237,
  915,
  325,
  179,
  141,
  242,
  234,
  163,
  299,
  312,
  967,
  289,
  204,
  252,
  1167,
  317,
  262,
  223,
  222,
  264,
  259,
  967,
  181,
  236,
  229,
  228,
  198,
  1804,
  260,
  317,
  181,
  209,
  245,
  292,
  276,
  233,
  312,
  165,
  150,
  163,
  1139,
  1038,
  298,
  298,
  212,
  143,
  233,
  235,
  235,
  227,
  299,
  199,
  243,
  181,
  213,
  301,
  292,
  263,
  161,
  264,
  291,
  189,
  262,
  325,
  204,
  340,
  310,
  152,
  178,
  251,
  238,
  167,
  292,
  278,
  211,
  311,
  205,
  337,
  314,
  137,
  159,
  167,
  159,
  266,
  269,
  1149,
  251,
  314,
  886,
  967,
  1729,
  312,
  233,
  217,
  286,
  1134,
  138,
  282,
  194,
  886,
  266,
  209,
  307,
  941,
  231,
  251,
  177,
  298,
  298,
  335,
  203,
  256,
  171,
  211,
  177,
  211,
  275,
  313,
  241,
  175,
  220,
  169,
  833,
  251,
  311,
  256,
  171,
  1141,
  227,
  264,
  217,
  266,
  231,
  150,
  278,
  1131,
  189,
  337,
  1729,
  311,
  290,
  273,
  228,
  2197,
  1804,
  286,
  238,
  143,
  288,
  1166,
  211,
  217,
  290,
  260,
  289,
  183,
  165,
  211,
  209,
  194,
  221,
  298,
  336,
  1833,
  325,
  289,
  296,
  205,
  188,
  198,
  253,
  290,
  273,
  248,
  859,
  267,
  234,
  1152,
  213,
  253,
  313,
  1770,
  167,
  941,
  288,
  251,
  257,
  179,
  229,
  289,
  177,
  203,
  288,
  1833,
  914,
  180,
  161,
  314,
  1770,
  312,
  290,
  265,
  288,
  264,
  289,
  190,
  190,
  265,
  130,
  1167,
  169,
  234,
  340,
  267,
  267,
  269,
  286,
  248,
  1156,
  221,
  266,
  313,
  237,
  188,
  311,
  222,
  266,
  311,
  188,
  243,
  259,
  278,
  253,
  200,
  286,
  987,
  301,
  160,
  267,
  149,
  244,
  200,
  244,
  1139,
  310,
  226,
  336,
  313,
  1042,
  235,
  292,
  295,
  215,
  291,
  241,
  317,
  275,
  205,
  289,
  1729,
  292,
  256,
  175,
  267,
  235,
  204,
  217,
  262,
  211,
  298,
  252,
  265,
  337,
  335,
  1804,
  183,
  310,
  262,
  278,
  290,
  238,
  1149,
  178,
  179,
  241,
  203,
  265,
  211,
  269,
  203,
  286,
  222,
  325,
  194,
  256,
  138,
  1139,
  311,
  165,
  266,
  325,
  1160,
  859,
  291,
  312,
  2197,
  204,
  301
 ],
 "TotalThroughputOverTime": [
  0,
  0,
  0,
  0,
  6,
  33,
  21,
  18,
  21,
  21,
  18,
  21,
  21,
  18,
  21,
  21,
  18,
  21,
  21,
  18,
  21,
  21,
  18,
  21,
  21,
  18,
  21,
  21,
  18,
  0,
  2,
  0,
  0
 ],
 "AverageThroughputSecondaries": [
  7.575757575757576,
  7.575757575757576
 ],
 "TotalThrouhgputPerSecondaryPerWindow": [
  [
   0,
   0,
   0,
   0,
   6,
   13,
   11,
   10,
   9,
   11,
   9,
   11,
   10,
   10,
   10,
   10,
   9,
   11,
   10,
   9,
   10,
   11,
   8,
   12,
   10,
   8,
   12,
   10,
   10,
   0,
   0,
   0,
   0
  ],
  [
   0,
   0,
   0,
   0,
   0,
   20,
   10,
   8,
   12,
   10,
   9,
   10,
   11,
   8,
   11,
   11,
   9,
   10,
   11,
   9,
   11,
   10,
   10,
   9,
   11,
   10,
   9,
   11,
   8,
   0,
   2,
   0,
   0
  ]
 ],
 "MaximumThroughput": 33,
 "MinimumThroughput": 0,
 "AverageThroughput": 15.151515151515152,
 "TotalSuccess": 500,
 "TotalFails": 0
}