{
 "RawResults": [
  [
   {
    "TxLatencies": [
     226,
     204,
     246,
     237,
     143,
     253,
     185,
     156,
     244,
     143,
     1129,
     266,
     215,
     159,
     226,
     280,
     238,
     1117,
     230,
     258,
     269,
     129,
     174,
     156,
     142,
     123,
     183,
     186,
     301,
     205,
     262,
     315,
     212,
     237,
     224,
     170,
     169,
     204,
     184,
     119,
     277,
     266,
     262,
     283,
     164,
     161,
     208,
     232,
     204,
     142,
     244,
     170,
     162,
     269,
     228,
     161,
     287,
     165,
     277,
     280,
     232,
     189,
     243,
     174,
     256,
     304,
     1141,
     204,
     193,
     210,
     232,
     258,
     125,
     322,
     255,
     276,
     253,
     279,
     168,
     169,
     169,
     189,
     152,
     164,
     154,
     246,
     258,
     174,
     243,
     183,
     260,
     228,
     303,
     232,
     256,
     235,
     243,
     213,
     232,
     143,
     315,
     1141,
     226,
     181,
     206,
     279,
     257,
     220,
     123,
     166,
     288,
     260,
     230,
     281,
     218,
     253,
     233,
     253,
     208,
     143,
     195,
     291,
     258,
     266,
     204,
     234,
     172,
     322,
     301,
     256,
     231,
     123,
     197,
     197,
     174,
     280,
     159,
     186,
     143,
     129,
     189,
     208,
     204,
     287,
     186,
     303,
     197,
     1122,
     288,
     213,
     266,
     174,
     262,
     268,
     312,
     169,
     174,
     141,
     257,
     129,
     252,
     130,
     291,
     202,
     292,
     215,
     206,
     220,
     198,
     189,
     218,
     183,
     187,
     230,
     136,
     154,
     230,
     136,
     1119,
     1135,
     191,
     154,
     281,
     159,
     318,
     264,
     119,
     233,
     237,
     257,
     222,
     256,
     255,
     161,
     156,
     315,
     161,
     322,
     257,
     164,
     246,
     232,
     258,
     244,
     162,
     226,
     181,
     277,
     228,
     212,
     244,
     213,
     264,
     187,
     254,
     161,
     144,
     207,
     165,
     208,
     277,
     231,
     232,
     198,
     297,
     185,
     232,
     291,
     277,
     1119,
     143,
     131,
     266,
     291,
     250,
     220,
     256,
     220,
     292,
     172,
     186,
     319,
     281,
     222,
     196,
     226,
     279,
     191,
     287,
     205
    ],
    "AverageLatency": 248.636,
    "MedianLatency": 0,
    "Throughput": 7.575757575757576,
    "ThroughputSeconds": [
     0,
     0,
     0,
     0,
     10,
     10,
     10,
     9,
     11,
     10,
     9,
     11,
     10,
     8,
     12,
     10,
     9,
     11,
     10,
     10,
     10,
     10,
     8,
     12,
     10,
     10,
     9,
     11,
     10,
     0,
     0,
     0,
     0
    ],
    "Success": 250,
    "Fail": 0
   }
  ],
  [
   {
    "TxLatencies": [
     189,
     190,
     249,
     280,
     206,
     195,
     277,
     125,
     266,
     128,
     1119,
     154,
     230,
     205,
     122,
     266,
     1132,
     168,
     202,
     133,
     276,
     202,
     294,
     195,
     234,
     169,
     314,
     227,
     172,
     221,
     168,
     294,
     142,
     140,
     234,
     257,
     1141,
     132,
     142,
     297,
     197,
     207,
     1130,
     177,
     189,
     128,
     194,
     253,
     276,
     296,
     304,
     205,
     283,
     229,
     235,
     186,
     202,
     208,
     197,
     230,
     242,
     162,
     168,
     2183,
     1132,
     117,
     197,
     142,
     121,
     218,
     255,
     166,
     317,
     276,
     1142,
     231,
     202,
     169,
     292,
     212,
     263,
     228,
     129,
     212,
     161,
     162,
     250,
     163,
     1132,
     169,
     1143,
     279,
     275,
     122,
     251,
     297,
     230,
     1125,
     225,
     302,
     297,
     141,
     257,
     266,
     169,
     2183,
     205,
     228,
     250,
     166,
     243,
     284,
     194,
     293,
     189,
     219,
     314,
     242,
     208,
     256,
     293,
     304,
     280,
     190,
     266,
     161,
     317,
     122,
     292,
     154,
     253,
     183,
     194,
     197,
     317,
     236,
     230,
     187,
     168,
     258,
     131,
     314,
     256,
     282,
     199,
     172,
     172,
     268,
     274,
     161,
     142,
     216,
     204,
     199,
     1130,
     256,
     131,
     243,
     172,
     279,
     118,
     202,
     189,
     117,
     1141,
     313,
     172,
     172,
     243,
     186,
     260,
     128,
     216,
     223,
     283,
     283,
     228,
     229,
     206,
     160,
     1136,
     141,
     180,
     288,
     190,
     278,
     227,
     255,
     128,
     300,
     317,
     131,
     243,
     235,
     207,
     230,
     313,
     283,
     1141,
     230,
     216,
     143,
     168,
     282,
     194,
     296,
     236,
     250,
     1142,
     223,
     230,
     160,
     199,
     291,
     193,
     293,
     207,
     268,
     197,
     212,
     1116,
     249,
     1135,
     268,
     274,
     162,
     183,
     282,
     214,
     229,
     207,
     312,
     143,
     243,
     257,
     135,
     256,
     294,
     185,
     313,
     167,
     230,
     243,
     287,
     219,
     283,
     287,
     256,
     312,
     168
    ],
    "AverageLatency": 294.852,
    "MedianLatency": 0,
    "Throughput": 7.575757575757576,
    "ThroughputSeconds": [
     0,
     0,
     0,
     0,
     8,
     11,
     11,
     9,
     10,
     11,
     9,
     10,
     11,
     10,
     9,
     11,
     9,
     10,
     11,
     8,
     11,
     11,
     10,
     9,
     11,
     8,
     12,
     10,
     8,
     0,
     2,
     0,
     0
    ],
    "Success": 250,
    "Fail": 0
   }
  ]
 ],
 "SecondaryResults": [
  {
   "TxLatencies": [
    119,
    119,
    123,
    123,
    123,
    125,
    129,
    129,
    129,
    130,
    131,
    136,
    136,
    141,
    142,
    142,
    143,
    143,
    143,
    143,
    143,
    143,
    144,
    152,
    154,
    154,
    154,
    156,
    156,
    156,
    159,
    159,
    159,
    161,
    161,
    161,
    161,
    161,
    162,
    162,
    164,
    164,
    164,
    165,
    165,
    166,
    168,
    169,
    169,
    169,
    169,
    170,
    170,
    172,
    172,
    174,
    174,
    174,
    174,
    174,
    174,
    181,
    181,
    183,
    183,
    183,
    184,
    185,
    185,
    186,
    186,
    186,
    186,
    187,
    187,
    189,
    189,
    189,
    189,
    191,
    191,
    193,
    195,
    196,
    197,
    197,
    197,
    198,
    198,
    202,
    204,
    204,
    204,
    204,
    204,
    204,
    205,
    205,
    206,
    206,
    207,
    208,
    208,
    208,
    208,
    210,
    212,
    212,
    213,
    213,
    213,
    215,
    215,
    218,
    218,
    220,
    220,
    220,
    220,
    222,
    222,
    224,
    226,
    226,
    226,
    226,
    226,
    228,
    228,
    228,
    230,
    230,
    230,
    230,
    231,
    231,
    232,
    232,
    232,
    232,
    232,
    232,
    232,
    232,
    233,
    233,
    234,
    235,
    237,
    237,
    237,
    238,
    243,
    243,
    243,
    244,
    244,
    244,
    244,
    246,
    246,
    246,
    250,
    252,
    253,
    253,
    253,
    253,
    254,
    255,
    255,
    256,
    256,
    256,
    256,
    256,
    257,
    257,
    257,
    257,
    258,
    258,
    258,
    258,
    258,
    260,
    260,
    262,
    262,
    262,
    264,
    264,
    266,
    266,
    266,
    266,
    266,
    268,
    269,
    269,
    276,
    277,
    277,
    277,
    277,
    277,
    279,
    279,
    279,
    280,
    280,
    280,
    281,
    281,
    281,
    283,
    287,
    287,
    287,
    288,
    288,
    291,
    291,
    291,
    291,
    292,
    292,
    297,
    301,
    301,
    303,
    303,
    304,
    312,
    315,
    315,
    315,
    318,
    319,
    322,
    322,
    322,
    1117,
    1119,
    1119,
    1122,
    1129,
    1135,
    1141,
    1141
   ],
   "AverageLatency": 248.636,
   "MedianLatency": 226,
   "Throughput": 7.575757575757576,
   "ThroughputSeconds": [
    0,
    0,
    0,
    0,
    10,
    10,
    10,
    9,
    11,
    10,
    9,
    11,
    10,
    8,
    12,
    10,
    9,
    11,
    10,
    10,
    10,
    10,
    8,
    12,
    10,
    10,
    9,
    11,
    10,
    0,
    0,
    0,
    0
   ],
   "Success": 250,
   "Fail": 0
  },
  {
   "TxLatencies": [
    117,
    117,
    118,
    121,
    122,
    122,
    122,
    125,
    128,
    128,
    128,
    128,
    129,
    131,
    131,
    131,
    132,
    133,
    135,
    140,
    141,
    141,
    142,
    142,
    142,
    142,
    143,
    143,
    154,
    154,
    160,
    160,
    161,
    161,
    161,
    162,
    162,
    162,
    163,
    166,
    166,
    167,
    168,
    168,
    168,
    168,
    168,
    168,
    169,
    169,
    169,
    169,
    172,
    172,
    172,
    172,
    172,
    172,
    177,
    180,
    183,
    183,
    185,
    186,
    186,
    187,
    189,
    189,
    189,
    189,
    190,
    190,
    190,
    193,
    194,
    194,
    194,
    194,
    195,
    195,
    197,
    197,
    197,
    197,
    197,
    199,
    199,
    199,
    202,
    202,
    202,
    202,
    202,
    204,
    205,
    205,
    205,
    206,
    206,
    207,
    207,
    207,
    207,
    208,
    208,
    212,
    212,
    212,
    214,
    216,
    216,
    216,
    218,
    219,
    219,
    221,
    223,
    223,
    225,
    227,
    227,
    228,
    228,
    228,
    229,
    229,
    229,
    230,
    230,
    230,
    230,
    230,
    230,
    230,
    230,
    231,
    234,
    234,
    235,
    235,
    236,
    236,
    242,
    242,
    243,
    243,
    243,
    243,
    243,
    243,
    249,
    249,
    250,
    250,
    250,
    251,
    253,
    253,
    255,
    255,
    256,
    256,
    256,
    256,
    256,
    257,
    257,
    257,
    258,
    260,
    263,
    266,
    266,
    266,
    266,
    268,
    268,
    268,
    274,
    274,
    275,
    276,
    276,
    276,
    277,
    278,
    279,
    279,
    280,
    280,
    282,
    282,
    282,
    283,
    283,
    283,
    283,
    283,
    284,
    287,
    287,
    288,
    291,
    292,
    292,
    293,
    293,
    293,
    294,
    294,
    294,
    296,
    296,
    297,
    297,
    297,
    300,
    302,
    304,
    304,
    312,
    312,
    313,
    313,
    313,
    314,
    314,
    314,
    317,
    317,
    317,
    317,
    1116,
    1119,
    1125,
    1130,
    1130,
    1132,
    1132,
    1132,
    1135,
    1136,
    1141,
    1141,
    1141,
    1142,
    1142,
    1143,
    2183,
    2183
   ],
   "AverageLatency": 294.852,
   "MedianLatency": 229,
   "Throughput": 7.575757575757576,
   "ThroughputSeconds": [
    0,
    0,
    0,
    0,
    8,
    11,
    11,
    9,
    10,
    11,
    9,
    10,
    11,
    10,
    9,
    11,
    9,
    10,
    11,
    8,
    11,
    11,
    10,
    9,
    11,
    8,
    12,
    10,
    8,
    0,
    2,
    0,
    0
   ],
   "Success": 250,
   "Fail": 0
  }
 ],
 "MinLatency": 117,
 "AverageLatency": 271.74399999999997,
 "MaxLatency": 2183,
 "MedianLatency": 271.74399999999997,
 "AllTxLatencies": [
  226,
  204,
  246,
  237,
  143,
  253,
  185,
  156,
  244,
  143,
  1129,
  266,
  215,
  159,
  226,
  280,
  238,
  1117,
  230,
  258,
  269,
  129,
  174,
  156,
  142,
  123,
  183,
  186,
  301,
  205,
  262,
  315,
  212,
  237,
  224,
  170,
  169,
  204,
  184,
  119,
  277,
  266,
  262,
  283,
  164,
  161,
  208,
  232,
  204,
  142,
  244,
  170,
  162,
  269,
  228,
  161,
  287,
  165,
  277,
  280,
  232,
  189,
  243,
  174,
  256,
  304,
  1141,
  204,
  193,
  210,
  232,
  258,
  125,
  322,
  255,
  276,
  253,
  279,
  168,
  169,
  169,
  189,
  152,
  164,
  154,
  246,
  258,
  174,
  243,
  183,
  260,
  228,
  303,
  232,
  256,
  235,
  243,
  213,
  232,
  143,
  315,
  1141,
  226,
  181,
  206,
  279,
  257,
  220,
  123,
  166,
  288,
  260,
  230,
  281,
  218,
  253,
  233,
  253,
  208,
  143,
  195,
  291,
  258,
  266,
  204,
  234,
  172,
  322,
  301,
  256,
  231,
  123,
  197,
  197,
  174,
  280,
  159,
  186,
  143,
  129,
  189,
  208,
  204,
  287,
  186,
  303,
  197,
  1122,
  288,
  213,
  266,
  174,
  262,
  268,
  312,
  169,
  174,
  141,
  257,
  129,
  252,
  130,
  291,
  202,
  292,
  215,
  206,
  220,
  198,
  189,
  218,
  183,
  187,
  230,
  136,
  154,
  230,
  136,
  1119,
  1135,
  191,
  154,
  281,
  159,
  318,
  264,
  119,
  233,
  237,
  257,
  222,
  256,
  255,
  161,
  156,
  315,
  161,
  322,
  257,
  164,
  246,
  232,
  258,
  244,
  162,
  226,
  181,
  277,
  228,
  212,
  244,
  213,
  264,
  187,
  254,
  161,
  144,
  207,
  165,
  208,
  277,
  231,
  232,
  198,
  297,
  185,
  232,
  291,
  277,
  1119,
  143,
  131,
  266,
  291,
  250,
  220,
  256,
  220,
  292,
  172,
  186,
  319,
  281,
  222,
  196,
  226,
  279,
  191,
  287,
  205,
  189,
  190,
  249,
  280,
  206,
  195,
  277,
  125,
  266,
  128,
  1119,
  154,
  230,
  205,
  122,
  266,
  1132,
  168,
  202,
  133,
  276,
  202,
  294,
  195,
  234,
  169,
  314,
  227,
  172,
  221,
  168,
  294,
  142,
  140,
  234,
  257,
  1141,
  132,
  142,
  297,
  197,
  207,
  1130,
  177,
  189,
  128,
  194,
  253,
  276,
  296,
  304,
  205,
  283,
  229,
  235,
  186,
  202,
  208,
  197,
  230,
  242,
  162,
  168,
  2183,
  1132,
  117,
  197,
  142,
  121,
  218,
  255,
  166,
  317,
  276,
  1142,
  231,
  202,
  169,
  292,
  212,
  263,
  228,
  129,
  212,
  161,
  162,
  250,
  163,
  1132,
  169,
  1143,
  279,
  275,
  122,
  251,
  297,
  230,
  1125,
  225,
  302,
  297,
  141,
  257,
  266,
  169,
  2183,
  205,
  228,
  250,
  166,
  243,
  284,
  194,
  293,
  189,
  219,
  314,
  242,
  208,
  256,
  293,
  304,
  280,
  190,
  266,
  161,
  317,
  122,
  292,
  154,
  253,
  183,
  194,
  197,
  317,
  236,
  230,
  187,
  168,
  258,
  131,
  314,
  256,
  282,
  199,
  172,
  172,
  268,
  274,
  161,
  142,
  216,
  204,
  199,
  1130,
  256,
  131,
  243,
  172,
  279,
  118,
  202,
  189,
  117,
  1141,
  313,
  172,
  172,
  243,
  186,
  260,
  128,
  216,
  223,
  283,
  283,
  228,
  229,
  206,
  160,
  1136,
  141,
  180,
  288,
  190,
  278,
  227,
  255,
  128,
  300,
  317,
  131,
  243,
  235,
  207,
  230,
  313,
  283,
  1141,
  230,
  216,
  143,
  168,
  282,
  194,
  296,
  236,
  250,
  1142,
  223,
  230,
  160,
  199,
  291,
  193,
  293,
  207,
  268,
  197,
  212,
  1116,
  249,
  1135,
  268,
  274,
  162,
  183,
  282,
  214,
  229,
  207,
  312,
  143,
  243,
  257,
  135,
  256,
  294,
  185,
  313,
  167,
  230,
  243,
  287,
  219,
  283,
  287,
  256,
  312,
  168
 ],
 "TotalThroughputOverTime": [
  0,
  0,
  0,
  0,
  18,
  21,
  21,
  18,
  21,
  21,
  18,
  21,
  21,
  18,
  21,
  21,
  18,
  21,
  21,
  18,
  21,
  21,
  18,
  21,
  21,
  18,
  21,
  21,
  18,
  0,
  2,
  0,
  0
 ],
 "AverageThroughputSecondaries": [
  7.575757575757576,
  7.575757575757576
 ],
 "TotalThrouhgputPerSecondaryPerWindow": [
  [
   0,
   0,
   0,
   0,
   10,
   10,
   10,
   9,
   11,
   10,
   9,
   11,
   10,
   8,
   12,
   10,
   9,
   11,
   10,
   10,
   10,
   10,
   8,
   12,
   10,
   10,
   9,
   11,
   10,
   0,
   0,
   0,
   0
  ],
  [
   0,
   0,
   0,
   0,
   8,
   11,
   11,
   9,
   10,
   11,
   9,
   10,
   11,
   10,
   9,
   11,
   9,
   10,
   11,
   8,
   11,
   11,
   10,
   9,
   11,
   8,
   12,
   10,
   8,
   0,
   2,
   0,
   0
  ]
 ],
 "MaximumThroughput": 21,
 "MinimumThroughput": 0,
 "AverageThroughput": 15.151515151515152,
 "TotalSuccess": 500,
 "TotalFails": 0
}