{
 "RawResults": [
  [
   {
    "TxLatencies": [
     185,
     138,
     146,
     328,
     326,
     169,
     292,
     221,
     271,
     162,
     246,
     313,
     287,
     313,
     162,
     233,
     274,
     292,
     287,
     221,
     166,
     187,
     274,
     271,
     167,
     195,
     241,
     232,
     161,
     264,
     177,
     195,
     298,
     223,
     281,
     263,
     1133,
     320,
     223,
     209,
     221,
     223,
     267,
     233,
     290,
     1148,
     251,
     277,
     308,
     222,
     211,
     184,
     242,
     267,
     299,
     223,
     252,
     175,
     328,
     265,
     287,
     229,
     211,
     252,
     209,
     1138,
     188,
     167,
     317,
     266,
     326,
     300,
     256,
     256,
     2171,
     222,
     300,
     316,
     138,
     277,
     189,
     188,
     317,
     210,
     177,
     177,
     302,
     323,
     233,
     195,
     202,
     252,
     302,
     129,
     294,
     218,
     302,
     167,
     188,
     185,
     215,
     242,
     256,
     184,
     210,
     199,
     221,
     167,
     330,
     167,
     312,
     246,
     291,
     128,
     157,
     298,
     1139,
     305,
     328,
     240,
     1127,
     1148,
     248,
     316,
     323,
     256,
     287,
     273,
     1133,
     132,
     267,
     1129,
     166,
     189,
     232,
     347,
     316,
     260,
     256,
     169,
     155,
     218,
     147,
     1127,
     264,
     1145,
     190,
     207,
     207,
     177,
     292,
     267,
     233,
     148,
     221,
     1129,
     273,
     274,
     307,
     280,
     195,
     195,
     187,
     285,
     134,
     195,
     312,
     287,
     195,
     251,
     232,
     294,
     284,
     287,
     132,
     347,
     237,
     266,
     162,
     202,
     128,
     240,
     256,
     307,
     218,
     303,
     261,
     281,
     210,
     166,
     294,
     134,
     139,
     273,
     267,
     308,
     183,
     215,
     281,
     255,
     307,
     188,
     241,
     183,
     290,
     290,
     196,
     138,
     202,
     259,
     167,
     169,
     284,
     218,
     308,
     217,
     313,
     259,
     217,
     217,
     317,
     246,
     207,
     287,
     184,
     221,
     241,
     201,
     328,
     210,
     231,
     323,
     168,
     263,
     247,
     195,
     233,
     157,
     246,
     241,
     259,
     278,
     241,
     240,
     167,
     239,
     177,
     210,
     303,
     167
    ],
    "AverageLatency": 284.664,
    "MedianLatency": 0,
    "Throughput": 7.575757575757576,
    "ThroughputSeconds": [
     0,
     0,
     0,
     0,
     10,
     9,
     11,
     9,
     10,
     11,
     8,
     11,
     11,
     10,
     9,
     11,
     9,
     11,
     10,
     9,
     11,
     10,
     10,
     10,
     10,
     9,
     10,
     11,
     9,
     0,
     1,
     0,
     0
    ],
    "Success": 250,
    "Fail": 0
   }
  ],
  [
   {
    "TxLatencies": [
     136,
     284,
     152,
     229,
     221,
     170,
     247,
     185,
     184,
     200,
     1129,
     303,
     178,
     314,
     133,
     277,
     211,
     132,
     251,
     254,
     239,
     327,
     263,
     279,
     275,
     239,
     284,
     163,
     313,
     167,
     277,
     187,
     148,
     275,
     275,
     129,
     270,
     1150,
     255,
     301,
     178,
     172,
     271,
     212,
     131,
     209,
     1122,
     238,
     291,
     223,
     175,
     1151,
     281,
     312,
     206,
     167,
     263,
     205,
     257,
     233,
     248,
     238,
     319,
     274,
     239,
     287,
     206,
     208,
     150,
     132,
     225,
     177,
     218,
     210,
     136,
     221,
     1139,
     198,
     249,
     156,
     320,
     133,
     1138,
     210,
     285,
     195,
     170,
     172,
     196,
     206,
     249,
     285,
     196,
     212,
     163,
     240,
     1150,
     327,
     177,
     296,
     174,
     167,
     201,
     200,
     258,
     286,
     172,
     287,
     183,
     128,
     210,
     155,
     247,
     186,
     195,
     188,
     248,
     254,
     188,
     157,
     291,
     198,
     246,
     155,
     150,
     299,
     237,
     123,
     246,
     174,
     231,
     279,
     225,
     236,
     214,
     221,
     222,
     242,
     299,
     170,
     221,
     211,
     229,
     213,
     1122,
     184,
     279,
     283,
     138,
     194,
     200,
     195,
     249,
     248,
     281,
     238,
     136,
     210,
     148,
     223,
     246,
     175,
     210,
     195,
     258,
     274,
     175,
     184,
     266,
     327,
     188,
     207,
     298,
     194,
     287,
     232,
     347,
     221,
     2164,
     212,
     136,
     211,
     291,
     231,
     171,
     277,
     184,
     285,
     1171,
     296,
     258,
     144,
     305,
     201,
     258,
     217,
     248,
     1150,
     172,
     266,
     163,
     217,
     246,
     206,
     256,
     263,
     241,
     218,
     327,
     150,
     258,
     271,
     270,
     134,
     187,
     248,
     328,
     221,
     172,
     287,
     184,
     277,
     263,
     210,
     172,
     271,
     312,
     273,
     274,
     132,
     268,
     268,
     281,
     127,
     1136,
     268,
     1145,
     1136,
     194,
     254,
     151,
     294,
     184,
     277,
     256,
     244,
     246,
     305,
     171,
     211
    ],
    "AverageLatency": 280.704,
    "MedianLatency": 0,
    "Throughput": 7.575757575757576,
    "ThroughputSeconds": [
     0,
     0,
     0,
     0,
     8,
     12,
     10,
     9,
     11,
     10,
     10,
     10,
     10,
     8,
     12,
     10,
     9,
     10,
     11,
     9,
     10,
     11,
     8,
     11,
     11,
     9,
     11,
     10,
     9,
     0,
     1,
     0,
     0
    ],
    "Success": 250,
    "Fail": 0
   }
  ]
 ],
 "SecondaryResults": [
  {
   "TxLatencies": [
    128,
    128,
    129,
    132,
    132,
    134,
    134,
    138,
    138,
    138,
    139,
    146,
    147,
    148,
    155,
    157,
    157,
    161,
    162,
    162,
    162,
    166,
    166,
    166,
    167,
    167,
    167,
    167,
    167,
    167,
    167,
    167,
    168,
    169,
    169,
    169,
    175,
    177,
    177,
    177,
    177,
    177,
    183,
    183,
    184,
    184,
    184,
    185,
    185,
    187,
    187,
    188,
    188,
    188,
    188,
    189,
    189,
    190,
    195,
    195,
    195,
    195,
    195,
    195,
    195,
    195,
    196,
    199,
    201,
    202,
    202,
    202,
    207,
    207,
    207,
    209,
    209,
    210,
    210,
    210,
    210,
    210,
    211,
    211,
    215,
    215,
    217,
    217,
    217,
    218,
    218,
    218,
    218,
    221,
    221,
    221,
    221,
    221,
    221,
    222,
    222,
    223,
    223,
    223,
    223,
    229,
    231,
    232,
    232,
    232,
    233,
    233,
    233,
    233,
    233,
    237,
    239,
    240,
    240,
    240,
    241,
    241,
    241,
    241,
    241,
    242,
    242,
    246,
    246,
    246,
    246,
    247,
    248,
    251,
    251,
    252,
    252,
    252,
    255,
    256,
    256,
    256,
    256,
    256,
    256,
    259,
    259,
    259,
    260,
    261,
    263,
    263,
    264,
    264,
    265,
    266,
    266,
    267,
    267,
    267,
    267,
    267,
    271,
    271,
    273,
    273,
    273,
    274,
    274,
    274,
    277,
    277,
    278,
    280,
    281,
    281,
    281,
    284,
    284,
    285,
    287,
    287,
    287,
    287,
    287,
    287,
    287,
    290,
    290,
    290,
    291,
    292,
    292,
    292,
    294,
    294,
    294,
    298,
    298,
    299,
    300,
    300,
    302,
    302,
    302,
    303,
    303,
    305,
    307,
    307,
    307,
    308,
    308,
    308,
    312,
    312,
    313,
    313,
    313,
    316,
    316,
    316,
    317,
    317,
    317,
    320,
    323,
    323,
    323,
    326,
    326,
    328,
    328,
    328,
    328,
    330,
    347,
    347,
    1127,
    1127,
    1129,
    1129,
    1133,
    1133,
    1138,
    1139,
    1145,
    1148,
    1148,
    2171
   ],
   "AverageLatency": 284.664,
   "MedianLatency": 241.5,
   "Throughput": 7.575757575757576,
   "ThroughputSeconds": [
    0,
    0,
    0,
    0,
    10,
    9,
    11,
    9,
    10,
    11,
    8,
    11,
    11,
    10,
    9,
    11,
    9,
    11,
    10,
    9,
    11,
    10,
    10,
    10,
    10,
    9,
    10,
    11,
    9,
    0,
    1,
    0,
    0
   ],
   "Success": 250,
   "Fail": 0
  },
  {
   "TxLatencies": [
    123,
    127,
    128,
    129,
    131,
    132,
    132,
    132,
    133,
    133,
    134,
    136,
    136,
    136,
    136,
    138,
    144,
    148,
    148,
    150,
    150,
    150,
    151,
    152,
    155,
    155,
    156,
    157,
    163,
    163,
    163,
    167,
    167,
    167,
    170,
    170,
    170,
    171,
    171,
    172,
    172,
    172,
    172,
    172,
    172,
    174,
    174,
    175,
    175,
    175,
    177,
    177,
    178,
    178,
    183,
    184,
    184,
    184,
    184,
    184,
    184,
    185,
    186,
    187,
    187,
    188,
    188,
    188,
    194,
    194,
    194,
    195,
    195,
    195,
    195,
    196,
    196,
    198,
    198,
    200,
    200,
    200,
    201,
    201,
    205,
    206,
    206,
    206,
    206,
    207,
    208,
    209,
    210,
    210,
    210,
    210,
    210,
    210,
    211,
    211,
    211,
    211,
    212,
    212,
    212,
    213,
    214,
    217,
    217,
    218,
    218,
    221,
    221,
    221,
    221,
    221,
    221,
    222,
    223,
    223,
    225,
    225,
    229,
    229,
    231,
    231,
    232,
    233,
    236,
    237,
    238,
    238,
    238,
    239,
    239,
    239,
    240,
    241,
    242,
    244,
    246,
    246,
    246,
    246,
    246,
    247,
    247,
    248,
    248,
    248,
    248,
    248,
    249,
    249,
    249,
    251,
    254,
    254,
    254,
    255,
    256,
    256,
    257,
    258,
    258,
    258,
    258,
    258,
    263,
    263,
    263,
    263,
    266,
    266,
    268,
    268,
    268,
    270,
    270,
    271,
    271,
    271,
    273,
    274,
    274,
    274,
    275,
    275,
    275,
    277,
    277,
    277,
    277,
    277,
    279,
    279,
    279,
    281,
    281,
    281,
    283,
    284,
    284,
    285,
    285,
    285,
    286,
    287,
    287,
    287,
    287,
    291,
    291,
    291,
    294,
    296,
    296,
    298,
    299,
    299,
    301,
    303,
    305,
    305,
    312,
    312,
    313,
    314,
    319,
    320,
    327,
    327,
    327,
    327,
    328,
    347,
    1122,
    1122,
    1129,
    1136,
    1136,
    1138,
    1139,
    1145,
    1150,
    1150,
    1150,
    1151,
    1171,
    2164
   ],
   "AverageLatency": 280.704,
   "MedianLatency": 231,
   "Throughput": 7.575757575757576,
   "ThroughputSeconds": [
    0,
    0,
    0,
    0,
    8,
    12,
    10,
    9,
    11,
    10,
    10,
    10,
    10,
    8,
    12,
    10,
    9,
    10,
    11,
    9,
    10,
    11,
    8,
    11,
    11,
    9,
    11,
    10,
    9,
    0,
    1,
    0,
    0
   ],
   "Success": 250,
   "Fail": 0
  }
 ],
 "MinLatency": 123,
 "AverageLatency": 282.68399999999997,
 "MaxLatency": 2171,
 "MedianLatency": 282.68399999999997,
 "AllTxLatencies": [
  185,
  138,
  146,
  328,
  326,
  169,
  292,
  221,
  271,
  162,
  246,
  313,
  287,
  313,
  162,
  233,
  274,
  292,
  287,
  221,
  166,
  187,
  274,
  271,
  167,
  195,
  241,
  232,
  161,
  264,
  177,
  195,
  298,
  223,
  281,
  263,
  1133,
  320,
  223,
  209,
  221,
  223,
  267,
  233,
  290,
  1148,
  251,
  277,
  308,
  222,
  211,
  184,
  242,
  267,
  299,
  223,
  252,
  175,
  328,
  265,
  287,
  229,
  211,
  252,
  209,
  1138,
  188,
  167,
  317,
  266,
  326,
  300,
  256,
  256,
  2171,
  222,
  300,
  316,
  138,
  277,
  189,
  188,
  317,
  210,
  177,
  177,
  302,
  323,
  233,
  195,
  202,
  252,
  302,
  129,
  294,
  218,
  302,
  167,
  188,
  185,
  215,
  242,
  256,
  184,
  210,
  199,
  221,
  167,
  330,
  167,
  312,
  246,
  291,
  128,
  157,
  298,
  1139,
  305,
  328,
  240,
  1127,
  1148,
  248,
  316,
  323,
  256,
  287,
  273,
  1133,
  132,
  267,
  1129,
  166,
  189,
  232,
  347,
  316,
  260,
  256,
  169,
  155,
  218,
  147,
  1127,
  264,
  1145,
  190,
  207,
  207,
  177,
  292,
  267,
  233,
  148,
  221,
  1129,
  273,
  274,
  307,
  280,
  195,
  195,
  187,
  285,
  134,
  195,
  312,
  287,
  195,
  251,
  232,
  294,
  284,
  287,
  132,
  347,
  237,
  266,
  162,
  202,
  128,
  240,
  256,
  307,
  218,
  303,
  261,
  281,
  210,
  166,
  294,
  134,
  139,
  273,
  267,
  308,
  183,
  215,
  281,
  255,
  307,
  188,
  241,
  183,
  290,
  290,
  196,
  138,
  202,
  259,
  167,
  169,
  284,
  218,
  308,
  217,
  313,
  259,
  217,
  217,
  317,
  246,
  207,
  287,
  184,
  221,
  241,
  201,
  328,
  210,
  231,
  323,
  168,
  263,
  247,
  195,
  233,
  157,
  246,
  241,
  259,
  278,
  241,
  240,
  167,
  239,
  177,
  210,
  303,
  167,
  136,
  284,
  152,
  229,
  221,
  170,
  247,
  185,
  184,
  200,
  1129,
  303,
  178,
  314,
  133,
  277,
  211,
  132,
  251,
  254,
  239,
  327,
  263,
  279,
  275,
  239,
  284,
  163,
  313,
  167,
  277,
  187,
  148,
  275,
  275,
  129,
  270,
  1150,
  255,
  301,
  178,
  172,
  271,
  212,
  131,
  209,
  1122,
  238,
  291,
  223,
  175,
  1151,
  281,
  312,
  206,
  167,
  263,
  205,
  257,
  233,
  248,
  238,
  319,
  274,
  239,
  287,
  206,
  208,
  150,
  132,
  225,
  177,
  218,
  210,
  136,
  221,
  1139,
  198,
  249,
  156,
  320,
  133,
  1138,
  210,
  285,
  195,
  170,
  172,
  196,
  206,
  249,
  285,
  196,
  212,
  163,
  240,
  1150,
  327,
  177,
  296,
  174,
  167,
  201,
  200,
  258,
  286,
  172,
  287,
  183,
  128,
  210,
  155,
  247,
  186,
  195,
  188,
  248,
  254,
  188,
  157,
  291,
  198,
  246,
  155,
  150,
  299,
  237,
  123,
  246,
  174,
  231,
  279,
  225,
  236,
  214,
  221,
  222,
  242,
  299,
  170,
  221,
  211,
  229,
  213,
  1122,
  184,
  279,
  283,
  138,
  194,
  200,
  195,
  249,
  248,
  281,
  238,
  136,
  210,
  148,
  223,
  246,
  175,
  210,
  195,
  258,
  274,
  175,
  184,
  266,
  327,
  188,
  207,
  298,
  194,
  287,
  232,
  347,
  221,
  2164,
  212,
  136,
  211,
  291,
  231,
  171,
  277,
  184,
  285,
  1171,
  296,
  258,
  144,
  305,
  201,
  258,
  217,
  248,
  1150,
  172,
  266,
  163,
  217,
  246,
  206,
  256,
  263,
  241,
  218,
  327,
  150,
  258,
  271,
  270,
  134,
  187,
  248,
  328,
  221,
  172,
  287,
  184,
  277,
  263,
  210,
  172,
  271,
  312,
  273,
  274,
  132,
  268,
  268,
  281,
  127,
  1136,
  268,
  1145,
  1136,
  194,
  254,
  151,
  294,
  184,
  277,
  256,
  244,
  246,
  305,
  171,
  211
 ],
 "TotalThroughputOverTime": [
  0,
  0,
  0,
  0,
  18,
  21,
  21,
  18,
  21,
  21,
  18,
  21,
  21,
  18,
  21,
  21,
  18,
  21,
  21,
  18,
  21,
  21,
  18,
  21,
  21,
  18,
  21,
  21,
  18,
  0,
  2,
  0,
  0
 ],
 "AverageThroughputSecondaries": [
  7.575757575757576,
  7.575757575757576
 ],
 "TotalThrouhgputPerSecondaryPerWindow": [
  [
   0,
   0,
   0,
   0,
   10,
   9,
   11,
   9,
   10,
   11,
   8,
   11,
   11,
   10,
   9,
   11,
   9,
   11,
   10,
   9,
   11,
   10,
   10,
   10,
   10,
   9,
   10,
   11,
   9,
   0,
   1,
   0,
   0
  ],
  [
   0,
   0,
   0,
   0,
   8,
   12,
   10,
   9,
   11,
   10,
   10,
   10,
   10,
   8,
   12,
   10,
   9,
   10,
   11,
   9,
   10,
   11,
   8,
   11,
   11,
   9,
   11,
   10,
   9,
   0,
   1,
   0,
   0
  ]
 ],
 "MaximumThroughput": 21,
 "MinimumThroughput": 0,
 "AverageThroughput": 15.151515151515152,
 "TotalSuccess": 500,
 "TotalFails": 0
}