{
 "RawResults": [
  [
   {
    "TxLatencies": [
     288,
     257,
     301,
     168,
     153,
     296,
     194,
     175,
     273,
     240,
     214,
     320,
     296,
     138,
     249,
     241,
     214,
     302,
     324,
     1140,
     120,
     192,
     252,
     242,
     241,
     246,
     317,
     276,
     196,
     155,
     192,
     276,
     197,
     167,
     282,
     314,
     298,
     183,
     252,
     175,
     188,
     146,
     123,
     324,
     261,
     248,
     179,
     288,
     293,
     1136,
     1146,
     241,
     319,
     269,
     221,
     1146,
     299,
     302,
     214,
     333,
     241,
     240,
     324,
     289,
     237,
     214,
     276,
     139,
     242,
     274,
     284,
     247,
     166,
     214,
     200,
     223,
     1119,
     179,
     219,
     145,
     1138,
     132,
     197,
     244,
     215,
     135,
     180,
     125,
     192,
     141,
     316,
     227,
     164,
     178,
     284,
     288,
     160,
     160,
     1120,
     243,
     267,
     167,
     221,
     265,
     133,
     237,
     2131,
     302,
     129,
     299,
     167,
     181,
     214,
     201,
     196,
     219,
     273,
     204,
     271,
     211,
     163,
     220,
     318,
     267,
     224,
     222,
     180,
     203,
     275,
     142,
     261,
     296,
     168,
     219,
     195,
     123,
     261,
     197,
     168,
     199,
     185,
     277,
     293,
     317,
     239,
     147,
     251,
     213,
     169,
     203,
     164,
     288,
     270,
     213,
     320,
     1138,
     293,
     288,
     239,
     167,
     265,
     279,
     302,
     155,
     263,
     274,
     259,
     207,
     215,
     203,
     240,
     135,
     1133,
     1124,
     157,
     141,
     231,
     219,
     197,
     1131,
     203,
     296,
     195,
     168,
     202,
     175,
     178,
     155,
     238,
     125,
     192,
     288,
     303,
     166,
     291,
     142,
     273,
     243,
     268,
     239,
     167,
     252,
     201,
     227,
     220,
     179,
     263,
     174,
     314,
     203,
     1135,
     153,
     268,
     242,
     318,
     151,
     248,
     188,
     302,
     131,
     181,
     242,
     320,
     246,
     197,
     306,
     296,
     296,
     197,
     167,
     242,
     314,
     191,
     137,
     197,
     249,
     180,
     296,
     283,
     203,
     194,
     213,
     124,
     207,
     273,
     191,
     179,
     317,
     255,
     299
    ],
    "AverageLatency": 277.616,
    "MedianLatency": 0,
    "Throughput": 7.575757575757576,
    "ThroughputSeconds": [
     0,
     0,
     0,
     0,
     9,
     10,
     11,
     10,
     9,
     11,
     10,
     9,
     11,
     8,
     12,
     10,
     9,
     10,
     11,
     9,
     10,
     11,
     9,
     11,
     10,
     10,
     9,
     11,
     9,
     0,
     1,
     0,
     0
    ],
    "Success": 250,
    "Fail": 0
   }
  ],
  [
   {
    "TxLatencies": [
     351,
     201,
     290,
     184,
     199,
     147,
     274,
     145,
     241,
     223,
     199,
     265,
     230,
     1135,
     213,
     145,
     272,
     238,
     323,
     182,
     273,
     1135,
     173,
     268,
     148,
     1152,
     251,
     268,
     208,
     178,
     175,
     338,
     241,
     243,
     205,
     303,
     196,
     132,
     342,
     173,
     168,
     308,
     196,
     302,
     216,
     314,
     305,
     217,
     196,
     182,
     255,
     298,
     285,
     175,
     296,
     254,
     259,
     308,
     335,
     1153,
     342,
     165,
     229,
     273,
     196,
     143,
     201,
     142,
     192,
     317,
     196,
     265,
     209,
     196,
     226,
     246,
     314,
     241,
     162,
     302,
     153,
     165,
     321,
     244,
     292,
     276,
     262,
     228,
     168,
     308,
     240,
     321,
     165,
     274,
     301,
     168,
     225,
     268,
     314,
     335,
     196,
     261,
     199,
     165,
     288,
     261,
     212,
     135,
     251,
     203,
     290,
     226,
     224,
     238,
     269,
     263,
     148,
     294,
     217,
     165,
     223,
     163,
     148,
     216,
     192,
     288,
     296,
     246,
     170,
     283,
     274,
     133,
     244,
     215,
     236,
     163,
     254,
     2148,
     244,
     143,
     265,
     314,
     168,
     225,
     1135,
     244,
     170,
     269,
     302,
     202,
     230,
     205,
     280,
     196,
     340,
     317,
     224,
     310,
     288,
     243,
     266,
     276,
     338,
     188,
     295,
     293,
     288,
     213,
     325,
     1135,
     294,
     251,
     159,
     338,
     202,
     325,
     261,
     246,
     267,
     259,
     211,
     255,
     246,
     1163,
     187,
     135,
     1162,
     247,
     132,
     283,
     283,
     251,
     201,
     201,
     165,
     306,
     285,
     273,
     170,
     1162,
     138,
     166,
     292,
     351,
     1136,
     310,
     263,
     326,
     272,
     1167,
     203,
     264,
     261,
     240,
     317,
     265,
     352,
     298,
     202,
     200,
     178,
     272,
     238,
     280,
     303,
     196,
     170,
     261,
     229,
     153,
     233,
     288,
     265,
     196,
     166,
     188,
     200,
     205,
     233,
     266,
     317,
     323,
     297,
     295,
     243,
     196,
     217,
     1148,
     132,
     342
    ],
    "AverageLatency": 291.068,
    "MedianLatency": 0,
    "Throughput": 7.575757575757576,
    "ThroughputSeconds": [
     0,
     0,
     0,
     0,
     9,
     11,
     10,
     8,
     12,
     10,
     8,
     12,
     10,
     10,
     9,
     11,
     9,
     11,
     10,
     9,
     11,
     10,
     9,
     10,
     11,
     8,
     12,
     10,
     9,
     0,
     1,
     0,
     0
    ],
    "Success": 250,
    "Fail": 0
   }
  ]
 ],
 "SecondaryResults": [
  {
   "TxLatencies": [
    120,
    123,
    123,
    124,
    125,
    125,
    129,
    131,
    132,
    133,
    135,
    135,
    137,
    138,
    139,
    141,
    141,
    142,
    142,
    145,
    146,
    147,
    151,
    153,
    153,
    155,
    155,
    155,
    157,
    160,
    160,
    163,
    164,
    164,
    166,
    166,
    167,
    167,
    167,
    167,
    167,
    167,
    168,
    168,
    168,
    168,
    169,
    174,
    175,
    175,
    175,
    178,
    178,
    179,
    179,
    179,
    179,
    180,
    180,
    180,
    181,
    181,
    183,
    185,
    188,
    188,
    191,
    191,
    192,
    192,
    192,
    192,
    194,
    194,
    195,
    195,
    196,
    196,
    197,
    197,
    197,
    197,
    197,
    197,
    197,
    199,
    200,
    201,
    201,
    202,
    203,
    203,
    203,
    203,
    203,
    203,
    204,
    207,
    207,
    211,
    213,
    213,
    213,
    214,
    214,
    214,
    214,
    214,
    214,
    215,
    215,
    219,
    219,
    219,
    219,
    220,
    220,
    221,
    221,
    222,
    223,
    224,
    227,
    227,
    231,
    237,
    237,
    238,
    239,
    239,
    239,
    240,
    240,
    240,
    241,
    241,
    241,
    241,
    242,
    242,
    242,
    242,
    242,
    243,
    243,
    244,
    246,
    246,
    247,
    248,
    248,
    249,
    249,
    251,
    252,
    252,
    252,
    255,
    257,
    259,
    261,
    261,
    261,
    263,
    263,
    265,
    265,
    267,
    267,
    268,
    268,
    269,
    270,
    271,
    273,
    273,
    273,
    273,
    274,
    274,
    275,
    276,
    276,
    276,
    277,
    279,
    282,
    283,
    284,
    284,
    288,
    288,
    288,
    288,
    288,
    288,
    289,
    291,
    293,
    293,
    293,
    296,
    296,
    296,
    296,
    296,
    296,
    296,
    298,
    299,
    299,
    299,
    301,
    302,
    302,
    302,
    302,
    302,
    303,
    306,
    314,
    314,
    314,
    316,
    317,
    317,
    317,
    318,
    318,
    319,
    320,
    320,
    320,
    324,
    324,
    324,
    333,
    1119,
    1120,
    1124,
    1131,
    1133,
    1135,
    1136,
    1138,
    1138,
    1140,
    1146,
    1146,
    2131
   ],
   "AverageLatency": 277.616,
   "MedianLatency": 234,
   "Throughput": 7.575757575757576,
   "ThroughputSeconds": [
    0,
    0,
    0,
    0,
    9,
    10,
    11,
    10,
    9,
    11,
    10,
    9,
    11,
    8,
    12,
    10,
    9,
    10,
    11,
    9,
    10,
    11,
    9,
    11,
    10,
    10,
    9,
    11,
    9,
    0,
    1,
    0,
    0
   ],
   "Success": 250,
   "Fail": 0
  },
  {
   "TxLatencies": [
    132,
    132,
    132,
    133,
    135,
    135,
    138,
    142,
    143,
    143,
    145,
    145,
    147,
    148,
    148,
    148,
    153,
    153,
    159,
    162,
    163,
    163,
    165,
    165,
    165,
    165,
    165,
    165,
    166,
    166,
    168,
    168,
    168,
    168,
    170,
    170,
    170,
    170,
    173,
    173,
    175,
    175,
    178,
    178,
    182,
    182,
    184,
    187,
    188,
    188,
    192,
    192,
    196,
    196,
    196,
    196,
    196,
    196,
    196,
    196,
    196,
    196,
    196,
    199,
    199,
    199,
    200,
    200,
    201,
    201,
    201,
    201,
    202,
    202,
    202,
    203,
    203,
    205,
    205,
    205,
    208,
    209,
    211,
    212,
    213,
    213,
    215,
    216,
    216,
    217,
    217,
    217,
    223,
    223,
    224,
    224,
    225,
    225,
    226,
    226,
    228,
    229,
    229,
    230,
    230,
    233,
    233,
    236,
    238,
    238,
    238,
    240,
    240,
    241,
    241,
    241,
    243,
    243,
    243,
    244,
    244,
    244,
    244,
    246,
    246,
    246,
    246,
    247,
    251,
    251,
    251,
    251,
    254,
    254,
    255,
    255,
    259,
    259,
    261,
    261,
    261,
    261,
    261,
    262,
    263,
    263,
    264,
    265,
    265,
    265,
    265,
    265,
    266,
    266,
    267,
    268,
    268,
    268,
    269,
    269,
    272,
    272,
    272,
    273,
    273,
    273,
    274,
    274,
    274,
    276,
    276,
    280,
    280,
    283,
    283,
    283,
    285,
    285,
    288,
    288,
    288,
    288,
    288,
    290,
    290,
    292,
    292,
    293,
    294,
    294,
    295,
    295,
    296,
    296,
    297,
    298,
    298,
    301,
    302,
    302,
    302,
    303,
    303,
    305,
    306,
    308,
    308,
    308,
    310,
    310,
    314,
    314,
    314,
    314,
    317,
    317,
    317,
    317,
    321,
    321,
    323,
    323,
    325,
    325,
    326,
    335,
    335,
    338,
    338,
    338,
    340,
    342,
    342,
    342,
    351,
    351,
    352,
    1135,
    1135,
    1135,
    1135,
    1136,
    1148,
    1152,
    1153,
    1162,
    1162,
    1163,
    1167,
    2148
   ],
   "AverageLatency": 291.068,
   "MedianLatency": 246,
   "Throughput": 7.575757575757576,
   "ThroughputSeconds": [
    0,
    0,
    0,
    0,
    9,
    11,
    10,
    8,
    12,
    10,
    8,
    12,
    10,
    10,
    9,
    11,
    9,
    11,
    10,
    9,
    11,
    10,
    9,
    10,
    11,
    8,
    12,
    10,
    9,
    0,
    1,
    0,
    0
   ],
   "Success": 250,
   "Fail": 0
  }
 ],
 "MinLatency": 120,
 "AverageLatency": 284.342,
 "MaxLatency": 2148,
 "MedianLatency": 284.342,
 "AllTxLatencies": [
  288,
  257,
  301,
  168,
  153,
  296,
  194,
  175,
  273,
  240,
  214,
  320,
  296,
  138,
  249,
  241,
  214,
  302,
  324,
  1140,
  120,
  192,
  252,
  242,
  241,
  246,
  317,
  276,
  196,
  155,
  192,
  276,
  197,
  167,
  282,
  314,
  298,
  183,
  252,
  175,
  188,
  146,
  123,
  324,
  261,
  248,
  179,
  288,
  293,
  1136,
  1146,
  241,
  319,
  269,
  221,
  1146,
  299,
  302,
  214,
  333,
  241,
  240,
  324,
  289,
  237,
  214,
  276,
  139,
  242,
  274,
  284,
  247,
  166,
  214,
  200,
  223,
  1119,
  179,
  219,
  145,
  1138,
  132,
  197,
  244,
  215,
  135,
  180,
  125,
  192,
  141,
  316,
  227,
  164,
  178,
  284,
  288,
  160,
  160,
  1120,
  243,
  267,
  167,
  221,
  265,
  133,
  237,
  2131,
  302,
  129,
  299,
  167,
  181,
  214,
  201,
  196,
  219,
  273,
  204,
  271,
  211,
  163,
  220,
  318,
  267,
  224,
  222,
  180,
  203,
  275,
  142,
  261,
  296,
  168,
  219,
  195,
  123,
  261,
  197,
  168,
  199,
  185,
  277,
  293,
  317,
  239,
  147,
  251,
  213,
  169,
  203,
  164,
  288,
  270,
  213,
  320,
  1138,
  293,
  288,
  239,
  167,
  265,
  279,
  302,
  155,
  263,
  274,
  259,
  207,
  215,
  203,
  240,
  135,
  1133,
  1124,
  157,
  141,
  231,
  219,
  197,
  1131,
  203,
  296,
  195,
  168,
  202,
  175,
  178,
  155,
  238,
  125,
  192,
  288,
  303,
  166,
  291,
  142,
  273,
  243,
  268,
  239,
  167,
  252,
  201,
  227,
  220,
  179,
  263,
  174,
  314,
  203,
  1135,
  153,
  268,
  242,
  318,
  151,
  248,
  188,
  302,
  131,
  181,
  242,
  320,
  246,
  197,
  306,
  296,
  296,
  197,
  167,
  242,
  314,
  191,
  137,
  197,
  249,
  180,
  296,
  283,
  203,
  194,
  213,
  124,
  207,
  273,
  191,
  179,
  317,
  255,
  299,
  351,
  201,
  290,
  184,
  199,
  147,
  274,
  145,
  241,
  223,
  199,
  265,
  230,
  1135,
  213,
  145,
  272,
  238,
  323,
  182,
  273,
  1135,
  173,
  268,
  148,
  1152,
  251,
  268,
  208,
  178,
  175,
  338,
  241,
  243,
  205,
  303,
  196,
  132,
  342,
  173,
  168,
  308,
  196,
  302,
  216,
  314,
  305,
  217,
  196,
  182,
  255,
  298,
  285,
  175,
  296,
  254,
  259,
  308,
  335,
  1153,
  342,
  165,
  229,
  273,
  196,
  143,
  201,
  142,
  192,
  317,
  196,
  265,
  209,
  196,
  226,
  246,
  314,
  241,
  162,
  302,
  153,
  165,
  321,
  244,
  292,
  276,
  262,
  228,
  168,
  308,
  240,
  321,
  165,
  274,
  301,
  168,
  225,
  268,
  314,
  335,
  196,
  261,
  199,
  165,
  288,
  261,
  212,
  135,
  251,
  203,
  290,
  226,
  224,
  238,
  269,
  263,
  148,
  294,
  217,
  165,
  223,
  163,
  148,
  216,
  192,
  288,
  296,
  246,
  170,
  283,
  274,
  133,
  244,
  215,
  236,
  163,
  254,
  2148,
  244,
  143,
  265,
  314,
  168,
  225,
  1135,
  244,
  170,
  269,
  302,
  202,
  230,
  205,
  280,
  196,
  340,
  317,
  224,
  310,
  288,
  243,
  266,
  276,
  338,
  188,
  295,
  293,
  288,
  213,
  325,
  1135,
  294,
  251,
  159,
  338,
  202,
  325,
  261,
  246,
  267,
  259,
  211,
  255,
  246,
  1163,
  187,
  135,
  1162,
  247,
  132,
  283,
  283,
  251,
  201,
  201,
  165,
  306,
  285,
  273,
  170,
  1162,
  138,
  166,
  292,
  351,
  1136,
  310,
  263,
  326,
  272,
  1167,
  203,
  264,
  261,
  240,
  317,
  265,
  352,
  298,
  202,
  200,
  178,
  272,
  238,
  280,
  303,
  196,
  170,
  261,
  229,
  153,
  233,
  288,
  265,
  196,
  166,
  188,
  200,
  205,
  233,
  266,
  317,
  323,
  297,
  295,
  243,
  196,
  217,
  1148,
  132,
  342
 ],
 "TotalThroughputOverTime": [
  0,
  0,
  0,
  0,
  18,
  21,
  21,
  18,
  21,
  21,
  18,
  21,
  21,
  18,
  21,
  21,
  18,
  21,
  21,
  18,
  21,
  21,
  18,
  21,
  21,
  18,
  21,
  21,
  18,
  0,
  2,
  0,
  0
 ],
 "AverageThroughputSecondaries": [
  7.575757575757576,
  7.575757575757576
 ],
 "TotalThrouhgputPerSecondaryPerWindow": [
  [
   0,
   0,
   0,
   0,
   9,
   10,
   11,
   10,
   9,
   11,
   10,
   9,
   11,
   8,
   12,
   10,
   9,
   10,
   11,
   9,
   10,
   11,
   9,
   11,
   10,
   10,
   9,
   11,
   9,
   0,
   1,
   0,
   0
  ],
  [
   0,
   0,
   0,
   0,
   9,
   11,
   10,
   8,
   12,
   10,
   8,
   12,
   10,
   10,
   9,
   11,
   9,
   11,
   10,
   9,
   11,
   10,
   9,
   10,
   11,
   8,
   12,
   10,
   9,
   0,
   1,
   0,
   0
  ]
 ],
 "MaximumThroughput": 21,
 "MinimumThroughput": 0,
 "AverageThroughput": 15.151515151515152,
 "TotalSuccess": 500,
 "TotalFails": 0
}