{
 "RawResults": [
  [
   {
    "TxLatencies": [
     189,
     325,
     334,
     766,
     873,
     654,
     340,
     179,
     604,
     1193,
     873,
     753,
     231,
     231,
     183,
     257,
     204,
     294,
     176,
     1169,
     2753,
     873,
     273,
     273,
     165,
     1179,
     334,
     753,
     654,
     366,
     340,
     317,
     340,
     325,
     215,
     334,
     2873,
     231,
     2654,
     2987,
     340,
     179,
     273,
     604,
     654,
     271,
     873,
     271,
     198,
     208,
     186,
     2325,
     654,
     340,
     1192,
     179,
     350,
     211,
     198,
     1198,
     215,
     215,
     189,
     257,
     193,
     1179,
     334,
     873,
     273,
     320,
     192,
     294,
     1179,
     767,
     350,
     753,
     367,
     1221,
     294,
     294,
     318,
     1169,
     192,
     169,
     325,
     183,
     604,
     271,
     378,
     198,
     5767,
     3190,
     204,
     179,
     204,
     273,
     294,
     183,
     198,
     215,
     189,
     317,
     169,
     204,
     821,
     273,
     1169,
     208,
     350,
     183,
     5165,
     211,
     271,
     1179,
     189,
     3194,
     317,
     257,
     350,
     169,
     766,
     1216,
     271,
     192,
     367,
     367,
     2335,
     231,
     179,
     378,
     1169,
     4960,
     215,
     334,
     176,
     271,
     5604,
     198,
     513,
     604,
     204,
     1179,
     821,
     350,
     316,
     325,
     350,
     615,
     204,
     204,
     340,
     753,
     366,
     168,
     204,
     2340,
     271,
     1194,
     189,
     294,
     604
    ],
    "AverageLatency": 682.3975155279503,
    "MedianLatency": 0,
    "Throughput": 4.351351351351352,
    "ThroughputSeconds": [
     0,
     0,
     0,
     0,
     0,
     10,
     6,
     4,
     11,
     6,
     3,
     9,
     7,
     6,
     8,
     7,
     6,
     5,
     5,
     8,
     8,
     8,
     7,
     4,
     4,
     8,
     6,
     8,
     7,
     0,
     0,
     0,
     0,
     0,
     0,
     0,
     0
    ],
    "Success": 161,
    "Fail": 89
   }
  ],
  [
   {
    "TxLatencies": [
     205,
     1194,
     743,
     194,
     1205,
     1177,
     817,
     178,
     178,
     278,
     225,
     224,
     284,
     327,
     1169,
     323,
     232,
     225,
     211,
     194,
     817,
     232,
     605,
     178,
     5205,
     349,
     194,
     817,
     190,
     168,
     509,
     186,
     278,
     1190,
     199,
     205,
     7177,
     1190,
     606,
     178,
     189,
     178,
     278,
     278,
     306,
     167,
     194,
     284,
     232,
     1190,
     4606,
     225,
     225,
     606,
     1177,
     1194,
     190,
     767,
     323,
     306,
     2156,
     866,
     232,
     1177,
     1462,
     5170,
     1186,
     605,
     5371,
     189,
     306,
     225,
     323,
     168,
     349,
     194,
     177,
     2349,
     370,
     327,
     198,
     349,
     1168,
     349,
     194,
     5323,
     6049,
     190,
     5366,
     2509,
     5170,
     335,
     1177,
     1170,
     370,
     226,
     224,
     199,
     904,
     232,
     1177,
     177,
     211,
     349,
     1171,
     370,
     1190,
     327,
     1198,
     284,
     335,
     186,
     186,
     194,
     284,
     370,
     370,
     335,
     306,
     170,
     371,
     278,
     743,
     866,
     170,
     211,
     211,
     349,
     323,
     817,
     605,
     224,
     2371,
     327,
     211,
     186,
     370,
     1194,
     1194,
     2817,
     178,
     743,
     371,
     1194,
     167,
     205,
     232,
     605,
     211,
     189,
     168,
     170,
     278,
     283,
     370,
     327,
     349,
     1170,
     817,
     509,
     284,
     168,
     178,
     323,
     306,
     306,
     225,
     605,
     170,
     904,
     509,
     648,
     205,
     190,
     866,
     186,
     186,
     177,
     648,
     3053,
     1177,
     1176,
     370,
     224,
     186,
     6213
    ],
    "AverageLatency": 800.6559139784946,
    "MedianLatency": 0,
    "Throughput": 5.027027027027027,
    "ThroughputSeconds": [
     0,
     0,
     0,
     0,
     0,
     10,
     8,
     6,
     9,
     7,
     8,
     8,
     9,
     8,
     5,
     7,
     7,
     6,
     9,
     10,
     6,
     6,
     7,
     9,
     10,
     6,
     8,
     6,
     8,
     0,
     1,
     0,
     1,
     0,
     1,
     0,
     0
    ],
    "Success": 186,
    "Fail": 64
   }
  ]
 ],
 "SecondaryResults": [
  {
   "TxLatencies": [
    165,
    168,
    169,
    169,
    169,
    176,
    176,
    179,
    179,
    179,
    179,
    179,
    183,
    183,
    183,
    183,
    186,
    189,
    189,
    189,
    189,
    189,
    192,
    192,
    192,
    193,
    198,
    198,
    198,
    198,
    198,
    204,
    204,
    204,
    204,
    204,
    204,
    204,
    204,
    208,
    208,
    211,
    211,
    215,
    215,
    215,
    215,
    215,
    231,
    231,
    231,
    231,
    257,
    257,
    257,
    271,
    271,
    271,
    271,
    271,
    271,
    271,
    273,
    273,
    273,
    273,
    273,
    273,
    294,
    294,
    294,
    294,
    294,
    294,
    316,
    317,
    317,
    317,
    318,
    320,
    325,
    325,
    325,
    325,
    334,
    334,
    334,
    334,
    334,
    340,
    340,
    340,
    340,
    340,
    340,
    350,
    350,
    350,
    350,
    350,
    350,
    366,
    366,
    367,
    367,
    367,
    378,
    378,
    513,
    604,
    604,
    604,
    604,
    604,
    615,
    654,
    654,
    654,
    654,
    753,
    753,
    753,
    753,
    766,
    766,
    767,
    821,
    821,
    873,
    873,
    873,
    873,
    873,
    1169,
    1169,
    1169,
    1169,
    1179,
    1179,
    1179,
    1179,
    1179,
    1192,
    1193,
    1194,
    1198,
    1216,
    1221,
    2325,
    2335,
    2340,
    2654,
    2753,
    2873,
    2987,
    3190,
    3194,
    4960,
    5165,
    5604,
    5767
   ],
   "AverageLatency": 682.3975155279503,
   "MedianLatency": 325,
   "Throughput": 4.351351351351352,
   "ThroughputSeconds": [
    0,
    0,
    0,
    0,
    0,
    10,
    6,
    4,
    11,
    6,
    3,
    9,
    7,
    6,
    8,
    7,
    6,
    5,
    5,
    8,
    8,
    8,
    7,
    4,
    4,
    8,
    6,
    8,
    7,
    0,
    0,
    0,
    0,
    0,
    0,
    0,
    0
   ],
   "Success": 161,
   "Fail": 89
  },
  {
   "TxLatencies": [
    167,
    167,
    168,
    168,
    168,
    168,
    170,
    170,
    170,
    170,
    177,
    177,
    177,
    178,
    178,
    178,
    178,
    178,
    178,
    178,
    186,
    186,
    186,
    186,
    186,
    186,
    186,
    189,
    189,
    189,
    190,
    190,
    190,
    190,
    194,
    194,
    194,
    194,
    194,
    194,
    194,
    198,
    199,
    199,
    205,
    205,
    205,
    205,
    211,
    211,
    211,
    211,
    211,
    211,
    224,
    224,
    224,
    224,
    225,
    225,
    225,
    225,
    225,
    225,
    226,
    232,
    232,
    232,
    232,
    232,
    232,
    278,
    278,
    278,
    278,
    278,
    278,
    283,
    284,
    284,
    284,
    284,
    284,
    306,
    306,
    306,
    306,
    306,
    306,
    323,
    323,
    323,
    323,
    323,
    327,
    327,
    327,
    327,
    327,
    335,
    335,
    335,
    349,
    349,
    349,
    349,
    349,
    349,
    349,
    370,
    370,
    370,
    370,
    370,
    370,
    370,
    370,
    371,
    371,
    509,
    509,
    509,
    605,
    605,
    605,
    605,
    605,
    606,
    606,
    648,
    648,
    743,
    743,
    743,
    767,
    817,
    817,
    817,
    817,
    817,
    866,
    866,
    866,
    904,
    904,
    1168,
    1169,
    1170,
    1170,
    1171,
    1176,
    1177,
    1177,
    1177,
    1177,
    1177,
    1177,
    1186,
    1190,
    1190,
    1190,
    1190,
    1194,
    1194,
    1194,
    1194,
    1194,
    1198,
    1205,
    1462,
    2156,
    2349,
    2371,
    2509,
    2817,
    3053,
    4606,
    5170,
    5170,
    5205,
    5323,
    5366,
    5371,
    6049,
    6213,
    7177
   ],
   "AverageLatency": 800.6559139784946,
   "MedianLatency": 323,
   "Throughput": 5.027027027027027,
   "ThroughputSeconds": [
    0,
    0,
    0,
    0,
    0,
    10,
    8,
    6,
    9,
    7,
    8,
    8,
    9,
    8,
    5,
    7,
    7,
    6,
    9,
    10,
    6,
    6,
    7,
    9,
    10,
    6,
    8,
    6,
    8,
    0,
    1,
    0,
    1,
    0,
    1,
    0,
    0
   ],
   "Success": 186,
   "Fail": 64
  }
 ],
 "MinLatency": 165,
 "AverageLatency": 741.5267147532224,
 "MaxLatency": 7177,
 "MedianLatency": 741.5267147532224,
 "AllTxLatencies": [
  189,
  325,
  334,
  766,
  873,
  654,
  340,
  179,
  604,
  1193,
  873,
  753,
  231,
  231,
  183,
  257,
  204,
  294,
  176,
  1169,
  2753,
  873,
  273,
  273,
  165,
  1179,
  334,
  753,
  654,
  366,
  340,
  317,
  340,
  325,
  215,
  334,
  2873,
  231,
  2654,
  2987,
  340,
  179,
  273,
  604,
  654,
  271,
  873,
  271,
  198,
  208,
  186,
  2325,
  654,
  340,
  1192,
  179,
  350,
  211,
  198,
  1198,
  215,
  215,
  189,
  257,
  193,
  1179,
  334,
  873,
  273,
  320,
  192,
  294,
  1179,
  767,
  350,
  753,
  367,
  1221,
  294,
  294,
  318,
  1169,
  192,
  169,
  325,
  183,
  604,
  271,
  378,
  198,
  5767,
  3190,
  204,
  179,
  204,
  273,
  294,
  183,
  198,
  215,
  189,
  317,
  169,
  204,
  821,
  273,
  1169,
  208,
  350,
  183,
  5165,
  211,
  271,
  1179,
  189,
  3194,
  317,
  257,
  350,
  169,
  766,
  1216,
  271,
  192,
  367,
  367,
  2335,
  231,
  179,
  378,
  1169,
  4960,
  215,
  334,
  176,
  271,
  5604,
  198,
  513,
  604,
  204,
  1179,
  821,
  350,
  316,
  325,
  350,
  615,
  204,
  204,
  340,
  753,
  366,
  168,
  204,
  2340,
  271,
  1194,
  189,
  294,
  604,
  205,
  1194,
  743,
  194,
  1205,
  1177,
  817,
  178,
  178,
  278,
  225,
  224,
  284,
  327,
  1169,
  323,
  232,
  225,
  211,
  194,
  817,
  232,
  605,
  178,
  5205,
  349,
  194,
  817,
  190,
  168,
  509,
  186,
  278,
  1190,
  199,
  205,
  7177,
  1190,
  606,
  178,
  189,
  178,
  278,
  278,
  306,
  167,
  194,
  284,
  232,
  1190,
  4606,
  225,
  225,
  606,
  1177,
  1194,
  190,
  767,
  323,
  306,
  2156,
  866,
  232,
  1177,
  1462,
  5170,
  1186,
  605,
  5371,
  189,
  306,
  225,
  323,
  168,
  349,
  194,
  177,
  2349,
  370,
  327,
  198,
  349,
  1168,
  349,
  194,
  5323,
  6049,
  190,
  5366,
  2509,
  5170,
  335,
  1177,
  1170,
  370,
  226,
  224,
  199,
  904,
  232,
  1177,
  177,
  211,
  349,
  1171,
  370,
  1190,
  327,
  1198,
  284,
  335,
  186,
  186,
  194,
  284,
  370,
  370,
  335,
  306,
  170,
  371,
  278,
  743,
  866,
  170,
  211,
  211,
  349,
  323,
  817,
  605,
  224,
  2371,
  327,
  211,
  186,
  370,
  1194,
  1194,
  2817,
  178,
  743,
  371,
  1194,
  167,
  205,
  232,
  605,
  211,
  189,
  168,
  170,
  278,
  283,
  370,
  327,
  349,
  1170,
  817,
  509,
  284,
  168,
  178,
  323,
  306,
  306,
  225,
  605,
  170,
  904,
  509,
  648,
  205,
  190,
  866,
  186,
  186,
  177,
  648,
  3053,
  1177,
  1176,
  370,
  224,
  186,
  6213
 ],
 "TotalThroughputOverTime": [
  0,
  0,
  0,
  0,
  0,
  20,
  14,
  10,
  20,
  13,
  11,
  17,
  16,
  14,
  13,
  14,
  13,
  11,
  14,
  18,
  14,
  14,
  14,
  13,
  14,
  14,
  14,
  14,
  15,
  0,
  1,
  0,
  1,
  0,
  1,
  0,
  0
 ],
 "AverageThroughputSecondaries": [
  4.351351351351352,
  5.027027027027027
 ],
 "TotalThrouhgputPerSecondaryPerWindow": [
  [
   0,
   0,
   0,
   0,
   0,
   10,
   6,
   4,
   11,
   6,
   3,
   9,
   7,
   6,
   8,
   7,
   6,
   5,
   5,
   8,
   8,
   8,
   7,
   4,
   4,
   8,
   6,
   8,
   7,
   0,
   0,
   0,
   0,
   0,
   0,
   0,
   0
  ],
  [
   0,
   0,
   0,
   0,
   0,
   10,
   8,
   6,
   9,
   7,
   8,
   8,
   9,
   8,
   5,
   7,
   7,
   6,
   9,
   10,
   6,
   6,
   7,
   9,
   10,
   6,
   8,
   6,
   8,
   0,
   1,
   0,
   1,
   0,
   1,
   0,
   0
  ]
 ],
 "MaximumThroughput": 20,
 "MinimumThroughput": 0,
 "AverageThroughput": 9.378378378378379,
 "TotalSuccess": 347,
 "TotalFails": 153
}