{
 "RawResults": [
  [
   {
    "TxLatencies": [
     3165,
     309,
     175,
     191,
     190,
     184,
     217,
     370,
     291,
     330,
     200,
     309,
     170,
     7747,
     828,
     156,
     374,
     309,
     190,
     190,
     1212,
     319,
     3171,
     814,
     1208,
     2188,
     211,
     361,
     782,
     4970,
     319,
     370,
     183,
     198,
     189,
     500,
     309,
     1165,
     182,
     198,
     189,
     208,
     322,
     374,
     5500,
     855,
     361,
     3182,
     1196,
     208,
     196,
     200,
     1170,
     960,
     175,
     217,
     191,
     856,
     374,
     190,
     191,
     184,
     208,
     322,
     2960,
     361,
     319,
     231,
     1183,
     156,
     211,
     5374,
     856,
     374,
     1182,
     322,
     306,
     319,
     4372,
     782,
     1196,
     149,
     1156,
     167,
     171,
     175,
     1182,
     3648,
     1156,
     200,
     190,
     201,
     309,
     184,
     330,
     217,
     208,
     281,
     158,
     184,
     167,
     183,
     5203,
     361,
     856,
     309,
     330,
     3211,
     970,
     306,
     280,
     1183,
     188,
     211,
     189,
     291,
     371,
     3190,
     1156,
     183,
     782,
     306,
     374,
     1231,
     149,
     175,
     373,
     189,
     291,
     361,
     373,
     1183,
     6190,
     1183,
     200,
     183,
     196,
     188,
     960,
     361,
     1165,
     149,
     280,
     374,
     966,
     190,
     1171,
     1166,
     183,
     330,
     280,
     782,
     306,
     5319,
     309,
     291,
     322,
     964,
     856,
     1183,
     1208,
     1156,
     361
    ],
    "AverageLatency": 840.7361963190184,
    "MedianLatency": 0,
    "Throughput": 4.2894736842105265,
    "ThroughputSeconds": [
     0,
     0,
     0,
     0,
     0,
     9,
     6,
     4,
     10,
     7,
     3,
     10,
     7,
     5,
     8,
     5,
     7,
     5,
     6,
     9,
     8,
     7,
     5,
     8,
     4,
     5,
     7,
     9,
     7,
     0,
     0,
     1,
     0,
     0,
     0,
     1,
     0,
     0
    ],
    "Success": 163,
    "Fail": 87
   }
  ],
  [
   {
    "TxLatencies": [
     971,
     971,
     211,
     149,
     212,
     371,
     1182,
     323,
     201,
     371,
     783,
     208,
     208,
     200,
     330,
     783,
     3167,
     200,
     190,
     500,
     2509,
     190,
     371,
     178,
     1180,
     308,
     208,
     199,
     201,
     371,
     280,
     196,
     323,
     967,
     190,
     1165,
     1182,
     1182,
     500,
     371,
     182,
     371,
     320,
     171,
     2370,
     371,
     307,
     190,
     1158,
     190,
     1205,
     1161,
     199,
     1183,
     182,
     307,
     307,
     1196,
     828,
     323,
     201,
     201,
     190,
     320,
     320,
     208,
     212,
     500,
     307,
     280,
     330,
     1967,
     236,
     178,
     201,
     2362,
     1196,
     211,
     200,
     323,
     370,
     362,
     362,
     320,
     149,
     330,
     190,
     149,
     1182,
     2322,
     960,
     967,
     307,
     189,
     178,
     212,
     371,
     201,
     308,
     1181,
     290,
     178,
     2216,
     158,
     190,
     188,
     183,
     1208,
     196,
     323,
     212,
     967,
     210,
     500,
     307,
     211,
     371,
     165,
     290,
     149,
     178,
     290,
     1167,
     290,
     5828,
     323,
     189,
     371,
     190,
     1160,
     371,
     1165,
     280,
     1181,
     280,
     1201,
     307,
     1970,
     178,
     280,
     178,
     210,
     362,
     165,
     280,
     1149,
     1182,
     180,
     189,
     1183,
     1208,
     208,
     2783,
     4820,
     828,
     971,
     500,
     362,
     1165,
     189,
     323,
     185,
     189,
     212,
     371,
     208,
     158,
     308,
     1206,
     208,
     200,
     307,
     4856,
     1165,
     370,
     5184,
     201,
     190,
     370,
     200
    ],
    "AverageLatency": 649.5,
    "MedianLatency": 0,
    "Throughput": 4.7368421052631575,
    "ThroughputSeconds": [
     0,
     0,
     0,
     0,
     0,
     11,
     10,
     4,
     10,
     5,
     5,
     10,
     9,
     9,
     5,
     9,
     6,
     6,
     7,
     8,
     8,
     7,
     3,
     11,
     8,
     5,
     8,
     7,
     8,
     1,
     0,
     0,
     0,
     0,
     0,
     0,
     0,
     0
    ],
    "Success": 180,
    "Fail": 70
   }
  ]
 ],
 "SecondaryResults": [
  {
   "TxLatencies": [
    149,
    149,
    149,
    156,
    156,
    158,
    167,
    167,
    170,
    171,
    175,
    175,
    175,
    175,
    182,
    183,
    183,
    183,
    183,
    183,
    184,
    184,
    184,
    184,
    188,
    188,
    189,
    189,
    189,
    189,
    190,
    190,
    190,
    190,
    190,
    190,
    191,
    191,
    191,
    196,
    196,
    198,
    198,
    200,
    200,
    200,
    200,
    201,
    208,
    208,
    208,
    208,
    211,
    211,
    211,
    217,
    217,
    217,
    231,
    280,
    280,
    280,
    281,
    291,
    291,
    291,
    291,
    306,
    306,
    306,
    306,
    309,
    309,
    309,
    309,
    309,
    309,
    309,
    319,
    319,
    319,
    319,
    322,
    322,
    322,
    322,
    330,
    330,
    330,
    330,
    361,
    361,
    361,
    361,
    361,
    361,
    361,
    370,
    370,
    371,
    373,
    373,
    374,
    374,
    374,
    374,
    374,
    374,
    500,
    782,
    782,
    782,
    782,
    814,
    828,
    855,
    856,
    856,
    856,
    856,
    960,
    960,
    964,
    966,
    970,
    1156,
    1156,
    1156,
    1156,
    1165,
    1165,
    1166,
    1170,
    1171,
    1182,
    1182,
    1183,
    1183,
    1183,
    1183,
    1183,
    1196,
    1196,
    1208,
    1208,
    1212,
    1231,
    2188,
    2960,
    3165,
    3171,
    3182,
    3190,
    3211,
    3648,
    4372,
    4970,
    5203,
    5319,
    5374,
    5500,
    6190,
    7747
   ],
   "AverageLatency": 840.7361963190184,
   "MedianLatency": 319,
   "Throughput": 4.2894736842105265,
   "ThroughputSeconds": [
    0,
    0,
    0,
    0,
    0,
    9,
    6,
    4,
    10,
    7,
    3,
    10,
    7,
    5,
    8,
    5,
    7,
    5,
    6,
    9,
    8,
    7,
    5,
    8,
    4,
    5,
    7,
    9,
    7,
    0,
    0,
    1,
    0,
    0,
    0,
    1,
    0,
    0
   ],
   "Success": 163,
   "Fail": 87
  },
  {
   "TxLatencies": [
    149,
    149,
    149,
    149,
    158,
    158,
    165,
    165,
    171,
    178,
    178,
    178,
    178,
    178,
    178,
    178,
    180,
    182,
    182,
    183,
    185,
    188,
    189,
    189,
    189,
    189,
    189,
    190,
    190,
    190,
    190,
    190,
    190,
    190,
    190,
    190,
    190,
    196,
    196,
    199,
    199,
    200,
    200,
    200,
    200,
    200,
    201,
    201,
    201,
    201,
    201,
    201,
    201,
    208,
    208,
    208,
    208,
    208,
    208,
    208,
    210,
    210,
    211,
    211,
    211,
    212,
    212,
    212,
    212,
    212,
    236,
    280,
    280,
    280,
    280,
    280,
    280,
    290,
    290,
    290,
    290,
    307,
    307,
    307,
    307,
    307,
    307,
    307,
    307,
    308,
    308,
    308,
    320,
    320,
    320,
    320,
    323,
    323,
    323,
    323,
    323,
    323,
    323,
    330,
    330,
    330,
    362,
    362,
    362,
    362,
    370,
    370,
    370,
    371,
    371,
    371,
    371,
    371,
    371,
    371,
    371,
    371,
    371,
    371,
    371,
    500,
    500,
    500,
    500,
    500,
    783,
    783,
    828,
    828,
    960,
    967,
    967,
    967,
    971,
    971,
    971,
    1149,
    1158,
    1160,
    1161,
    1165,
    1165,
    1165,
    1165,
    1167,
    1180,
    1181,
    1181,
    1182,
    1182,
    1182,
    1182,
    1182,
    1183,
    1183,
    1196,
    1196,
    1201,
    1205,
    1206,
    1208,
    1208,
    1967,
    1970,
    2216,
    2322,
    2362,
    2370,
    2509,
    2783,
    3167,
    4820,
    4856,
    5184,
    5828
   ],
   "AverageLatency": 649.5,
   "MedianLatency": 308,
   "Throughput": 4.7368421052631575,
   "ThroughputSeconds": [
    0,
    0,
    0,
    0,
    0,
    11,
    10,
    4,
    10,
    5,
    5,
    10,
    9,
    9,
    5,
    9,
    6,
    6,
    7,
    8,
    8,
    7,
    3,
    11,
    8,
    5,
    8,
    7,
    8,
    1,
    0,
    0,
    0,
    0,
    0,
    0,
    0,
    0
   ],
   "Success": 180,
   "Fail": 70
  }
 ],
 "MinLatency": 149,
 "AverageLatency": 745.1180981595091,
 "MaxLatency": 7747,
 "MedianLatency": 745.1180981595091,
 "AllTxLatencies": [
  3165,
  309,
  175,
  191,
  190,
  184,
  217,
  370,
  291,
  330,
  200,
  309,
  170,
  7747,
  828,
  156,
  374,
  309,
  190,
  190,
  1212,
  319,
  3171,
  814,
  1208,
  2188,
  211,
  361,
  782,
  4970,
  319,
  370,
  183,
  198,
  189,
  500,
  309,
  1165,
  182,
  198,
  189,
  208,
  322,
  374,
  5500,
  855,
  361,
  3182,
  1196,
  208,
  196,
  200,
  1170,
  960,
  175,
  217,
  191,
  856,
  374,
  190,
  191,
  184,
  208,
  322,
  2960,
  361,
  319,
  231,
  1183,
  156,
  211,
  5374,
  856,
  374,
  1182,
  322,
  306,
  319,
  4372,
  782,
  1196,
  149,
  1156,
  167,
  171,
  175,
  1182,
  3648,
  1156,
  200,
  190,
  201,
  309,
  184,
  330,
  217,
  208,
  281,
  158,
  184,
  167,
  183,
  5203,
  361,
  856,
  309,
  330,
  3211,
  970,
  306,
  280,
  1183,
  188,
  211,
  189,
  291,
  371,
  3190,
  1156,
  183,
  782,
  306,
  374,
  1231,
  149,
  175,
  373,
  189,
  291,
  361,
  373,
  1183,
  6190,
  1183,
  200,
  183,
  196,
  188,
  960,
  361,
  1165,
  149,
  280,
  374,
  966,
  190,
  1171,
  1166,
  183,
  330,
  280,
  782,
  306,
  5319,
  309,
  291,
  322,
  964,
  856,
  1183,
  1208,
  1156,
  361,
  971,
  971,
  211,
  149,
  212,
  371,
  1182,
  323,
  201,
  371,
  783,
  208,
  208,
  200,
  330,
  783,
  3167,
  200,
  190,
  500,
  2509,
  190,
  371,
  178,
  1180,
  308,
  208,
  199,
  201,
  371,
  280,
  196,
  323,
  967,
  190,
  1165,
  1182,
  1182,
  500,
  371,
  182,
  371,
  320,
  171,
  2370,
  371,
  307,
  190,
  1158,
  190,
  1205,
  1161,
  199,
  1183,
  182,
  307,
  307,
  1196,
  828,
  323,
  201,
  201,
  190,
  320,
  320,
  208,
  212,
  500,
  307,
  280,
  330,
  1967,
  236,
  178,
  201,
  2362,
  1196,
  211,
  200,
  323,
  370,
  362,
  362,
  320,
  149,
  330,
  190,
  149,
  1182,
  2322,
  960,
  967,
  307,
  189,
  178,
  212,
  371,
  201,
  308,
  1181,
  290,
  178,
  2216,
  158,
  190,
  188,
  183,
  1208,
  196,
  323,
  212,
  967,
  210,
  500,
  307,
  211,
  371,
  165,
  290,
  149,
  178,
  290,
  1167,
  290,
  5828,
  323,
  189,
  371,
  190,
  1160,
  371,
  1165,
  280,
  1181,
  280,
  1201,
  307,
  1970,
  178,
  280,
  178,
  210,
  362,
  165,
  280,
  1149,
  1182,
  180,
  189,
  1183,
  1208,
  208,
  2783,
  4820,
  828,
  971,
  500,
  362,
  1165,
  189,
  323,
  185,
  189,
  212,
  371,
  208,
  158,
  308,
  1206,
  208,
  200,
  307,
  4856,
  1165,
  370,
  5184,
  201,
  190,
  370,
  200
 ],
 "TotalThroughputOverTime": [
  0,
  0,
  0,
  0,
  0,
  20,
  16,
  8,
  20,
  12,
  8,
  20,
  16,
  14,
  13,
  14,
  13,
  11,
  13,
  17,
  16,
  14,
  8,
  19,
  12,
  10,
  15,
  16,
  15,
  1,
  0,
  1,
  0,
  0,
  0,
  1,
  0,
  0
 ],
 "AverageThroughputSecondaries": [
  4.2894736842105265,
  4.7368421052631575
 ],
 "TotalThrouhgputPerSecondaryPerWindow": [
  [
   0,
   0,
   0,
   0,
   0,
   9,
   6,
   4,
   10,
   7,
   3,
   10,
   7,
   5,
   8,
   5,
   7,
   5,
   6,
   9,
   8,
   7,
   5,
   8,
   4,
   5,
   7,
   9,
   7,
   0,
   0,
   1,
   0,
   0,
   0,
   1,
   0,
   0
  ],
  [
   0,
   0,
   0,
   0,
   0,
   11,
   10,
   4,
   10,
   5,
   5,
   10,
   9,
   9,
   5,
   9,
   6,
   6,
   7,
   8,
   8,
   7,
   3,
   11,
   8,
   5,
   8,
   7,
   8,
   1,
   0,
   0,
   0,
   0,
   0,
   0,
   0,
   0
  ]
 ],
 "MaximumThroughput": 20,
 "MinimumThroughput": 0,
 "AverageThroughput": 9.026315789473685,
 "TotalSuccess": 343,
 "TotalFails": 157
}