{
 "RawResults": [
  [
   {
    "TxLatencies": [
     773,
     137,
     4117,
     789,
     1885,
     257,
     183,
     340,
     243,
     4103,
     348,
     1976,
     837,
     347,
     176,
     211,
     223,
     197,
     278,
     276,
     209,
     248,
     246,
     225,
     275,
     317,
     4223,
     2040,
     223,
     176,
     267,
     226,
     2012,
     155,
     766,
     270,
     278,
     184,
     140,
     254,
     884,
     3990,
     840,
     1975,
     296,
     198,
     180,
     227,
     159,
     849,
     301,
     183,
     176,
     199,
     198,
     2995,
     248,
     326,
     888,
     224,
     332,
     371,
     308,
     235,
     167,
     774,
     213,
     312,
     331,
     356,
     2061,
     266,
     336,
     848,
     2028,
     192,
     801,
     282,
     275,
     246,
     184,
     901,
     272,
     317,
     241,
     198,
     4171,
     2839,
     347,
     858,
     796,
     179,
     180,
     286,
     183,
     251,
     237,
     158,
     280,
     263,
     258,
     4756,
     155,
     131,
     144,
     306,
     891,
     172,
     323,
     301,
     213,
     149,
     4320,
     319,
     171,
     223,
     882,
     215,
     213,
     1866,
     247,
     162,
     1983,
     276,
     270,
     642,
     184,
     322,
     259,
     270,
     179,
     217,
     4998,
     172,
     124,
     255,
     306,
     1918,
     322,
     295,
     226,
     319,
     155,
     295,
     132,
     234,
     384,
     248,
     2016,
     162,
     317,
     306,
     4314,
     296,
     4793,
     131,
     122,
     122,
     219,
     301,
     150,
     291,
     331,
     159,
     162,
     235,
     360,
     249,
     271,
     264,
     4091,
     159,
     312,
     138,
     4075,
     245,
     247,
     219,
     317,
     323,
     166,
     285,
     296,
     1462,
     347,
     697,
     1362,
     332,
     760,
     248,
     308,
     251,
     2093,
     296,
     197
    ],
    "AverageLatency": 696.6153846153846,
    "MedianLatency": 0,
    "Throughput": 5.571428571428571,
    "ThroughputSeconds": [
     0,
     0,
     0,
     0,
     5,
     8,
     7,
     7,
     6,
     9,
     4,
     11,
     8,
     8,
     9,
     6,
     8,
     7,
     5,
     9,
     12,
     11,
     9,
     6,
     5,
     8,
     9,
     7,
     8,
     1,
     0,
     2,
     0,
     0,
     0
    ],
    "Success": 195,
    "Fail": 55
   }
  ],
  [
   {
    "TxLatencies": [
     885,
     415,
     196,
     255,
     289,
     202,
     346,
     321,
     231,
     1992,
     310,
     257,
     822,
     348,
     239,
     179,
     222,
     321,
     321,
     270,
     281,
     198,
     231,
     241,
     4390,
     4367,
     798,
     223,
     308,
     286,
     2131,
     2177,
     217,
     2131,
     270,
     1970,
     870,
     829,
     143,
     256,
     323,
     283,
     250,
     241,
     234,
     179,
     180,
     4382,
     315,
     4145,
     243,
     330,
     313,
     878,
     266,
     176,
     288,
     415,
     217,
     239,
     846,
     965,
     369,
     1772,
     4286,
     202,
     196,
     227,
     263,
     302,
     237,
     361,
     316,
     914,
     390,
     294,
     315,
     305,
     2071,
     302,
     237,
     2152,
     4087,
     244,
     215,
     215,
     245,
     176,
     319,
     4392,
     266,
     136,
     294,
     897,
     176,
     287,
     310,
     4775,
     926,
     353,
     202,
     285,
     398,
     246,
     294,
     176,
     336,
     181,
     4407,
     277,
     277,
     319,
     218,
     330,
     346,
     4469,
     223,
     289,
     321,
     167,
     437,
     337,
     215,
     184,
     167,
     200,
     313,
     999,
     330,
     779,
     319,
     180,
     177,
     267,
     782,
     353,
     390,
     290,
     198,
     281,
     4209,
     202,
     825,
     437,
     348,
     257,
     829,
     354,
     268,
     770,
     166,
     222,
     300,
     255,
     294,
     2330,
     230,
     334,
     4936,
     234,
     165,
     283,
     967,
     707,
     247,
     223,
     241,
     258,
     311,
     326,
     250,
     243,
     2388,
     319,
     241,
     244,
     286,
     243,
     2201,
     2376,
     215,
     353,
     240,
     354,
     337,
     321,
     289,
     1979,
     346,
     295,
     267,
     376,
     4362,
     246,
     263,
     2129,
     166,
     897,
     167,
     948,
     274,
     277,
     264,
     197,
     260
    ],
    "AverageLatency": 718.8780487804878,
    "MedianLatency": 0,
    "Throughput": 5.857142857142857,
    "ThroughputSeconds": [
     0,
     0,
     0,
     0,
     7,
     8,
     9,
     6,
     10,
     6,
     8,
     8,
     11,
     8,
     6,
     10,
     6,
     6,
     11,
     9,
     6,
     8,
     8,
     7,
     10,
     8,
     8,
     8,
     9,
     1,
     2,
     0,
     1,
     0,
     0
    ],
    "Success": 205,
    "Fail": 45
   }
  ]
 ],
 "SecondaryResults": [
  {
   "TxLatencies": [
    122,
    122,
    124,
    131,
    131,
    132,
    137,
    138,
    140,
    144,
    149,
    150,
    155,
    155,
    155,
    158,
    159,
    159,
    159,
    162,
    162,
    162,
    166,
    167,
    171,
    172,
    172,
    176,
    176,
    176,
    179,
    179,
    180,
    180,
    183,
    183,
    183,
    184,
    184,
    184,
    192,
    197,
    197,
    198,
    198,
    198,
    199,
    209,
    211,
    213,
    213,
    213,
    215,
    217,
    219,
    219,
    223,
    223,
    223,
    224,
    225,
    226,
    226,
    227,
    234,
    235,
    235,
    237,
    241,
    243,
    245,
    246,
    246,
    247,
    247,
    248,
    248,
    248,
    248,
    249,
    251,
    251,
    254,
    255,
    257,
    258,
    259,
    263,
    264,
    266,
    267,
    270,
    270,
    270,
    271,
    272,
    275,
    275,
    276,
    276,
    278,
    278,
    280,
    282,
    285,
    286,
    291,
    295,
    295,
    296,
    296,
    296,
    296,
    301,
    301,
    301,
    306,
    306,
    306,
    308,
    308,
    312,
    312,
    317,
    317,
    317,
    317,
    319,
    319,
    322,
    322,
    323,
    323,
    326,
    331,
    331,
    332,
    332,
    336,
    340,
    347,
    347,
    347,
    348,
    356,
    360,
    371,
    384,
    642,
    697,
    760,
    766,
    773,
    774,
    789,
    796,
    801,
    837,
    840,
    848,
    849,
    858,
    882,
    884,
    888,
    891,
    901,
    1362,
    1462,
    1866,
    1885,
    1918,
    1975,
    1976,
    1983,
    2012,
    2016,
    2028,
    2040,
    2061,
    2093,
    2839,
    2995,
    3990,
    4075,
    4091,
    4103,
    4117,
    4171,
    4223,
    4314,
    4320,
    4756,
    4793,
    4998
   ],
   "AverageLatency": 696.6153846153846,
   "MedianLatency": 275,
   "Throughput": 5.571428571428571,
   "ThroughputSeconds": [
    0,
    0,
    0,
    0,
    5,
    8,
    7,
    7,
    6,
    9,
    4,
    11,
    8,
    8,
    9,
    6,
    8,
    7,
    5,
    9,
    12,
    11,
    9,
    6,
    5,
    8,
    9,
    7,
    8,
    1,
    0,
    2,
    0,
    0,
    0
   ],
   "Success": 195,
   "Fail": 55
  },
  {
   "TxLatencies": [
    136,
    143,
    165,
    166,
    166,
    167,
    167,
    167,
    176,
    176,
    176,
    176,
    177,
    179,
    179,
    180,
    180,
    181,
    184,
    196,
    196,
    197,
    198,
    198,
    200,
    202,
    202,
    202,
    202,
    215,
    215,
    215,
    215,
    217,
    217,
    218,
    222,
    222,
    223,
    223,
    223,
    227,
    230,
    231,
    231,
    234,
    234,
    237,
    237,
    239,
    239,
    240,
    241,
    241,
    241,
    241,
    243,
    243,
    243,
    244,
    244,
    245,
    246,
    246,
    247,
    250,
    250,
    255,
    255,
    256,
    257,
    257,
    258,
    260,
    263,
    263,
    264,
    266,
    266,
    267,
    267,
    268,
    270,
    270,
    274,
    277,
    277,
    277,
    281,
    281,
    283,
    283,
    285,
    286,
    286,
    287,
    288,
    289,
    289,
    289,
    290,
    294,
    294,
    294,
    294,
    295,
    300,
    302,
    302,
    305,
    308,
    310,
    310,
    311,
    313,
    313,
    315,
    315,
    316,
    319,
    319,
    319,
    319,
    321,
    321,
    321,
    321,
    321,
    323,
    326,
    330,
    330,
    330,
    334,
    336,
    337,
    337,
    346,
    346,
    346,
    348,
    348,
    353,
    353,
    353,
    354,
    354,
    361,
    369,
    376,
    390,
    390,
    398,
    415,
    415,
    437,
    437,
    707,
    770,
    779,
    782,
    798,
    822,
    825,
    829,
    829,
    846,
    870,
    878,
    885,
    897,
    897,
    914,
    926,
    948,
    965,
    967,
    999,
    1772,
    1970,
    1979,
    1992,
    2071,
    2129,
    2131,
    2131,
    2152,
    2177,
    2201,
    2330,
    2376,
    2388,
    4087,
    4145,
    4209,
    4286,
    4362,
    4367,
    4382,
    4390,
    4392,
    4407,
    4469,
    4775,
    4936
   ],
   "AverageLatency": 718.8780487804878,
   "MedianLatency": 294,
   "Throughput": 5.857142857142857,
   "ThroughputSeconds": [
    0,
    0,
    0,
    0,
    7,
    8,
    9,
    6,
    10,
    6,
    8,
    8,
    11,
    8,
    6,
    10,
    6,
    6,
    11,
    9,
    6,
    8,
    8,
    7,
    10,
    8,
    8,
    8,
    9,
    1,
    2,
    0,
    1,
    0,
    0
   ],
   "Success": 205,
   "Fail": 45
  }
 ],
 "MinLatency": 122,
 "AverageLatency": 707.7467166979362,
 "MaxLatency": 4998,
 "MedianLatency": 707.7467166979362,
 "AllTxLatencies": [
  773,
  137,
  4117,
  789,
  1885,
  257,
  183,
  340,
  243,
  4103,
  348,
  1976,
  837,
  347,
  176,
  211,
  223,
  197,
  278,
  276,
  209,
  248,
  246,
  225,
  275,
  317,
  4223,
  2040,
  223,
  176,
  267,
  226,
  2012,
  155,
  766,
  270,
  278,
  184,
  140,
  254,
  884,
  3990,
  840,
  1975,
  296,
  198,
  180,
  227,
  159,
  849,
  301,
  183,
  176,
  199,
  198,
  2995,
  248,
  326,
  888,
  224,
  332,
  371,
  308,
  235,
  167,
  774,
  213,
  312,
  331,
  356,
  2061,
  266,
  336,
  848,
  2028,
  192,
  801,
  282,
  275,
  246,
  184,
  901,
  272,
  317,
  241,
  198,
  4171,
  2839,
  347,
  858,
  796,
  179,
  180,
  286,
  183,
  251,
  237,
  158,
  280,
  263,
  258,
  4756,
  155,
  131,
  144,
  306,
  891,
  172,
  323,
  301,
  213,
  149,
  4320,
  319,
  171,
  223,
  882,
  215,
  213,
  1866,
  247,
  162,
  1983,
  276,
  270,
  642,
  184,
  322,
  259,
  270,
  179,
  217,
  4998,
  172,
  124,
  255,
  306,
  1918,
  322,
  295,
  226,
  319,
  155,
  295,
  132,
  234,
  384,
  248,
  2016,
  162,
  317,
  306,
  4314,
  296,
  4793,
  131,
  122,
  122,
  219,
  301,
  150,
  291,
  331,
  159,
  162,
  235,
  360,
  249,
  271,
  264,
  4091,
  159,
  312,
  138,
  4075,
  245,
  247,
  219,
  317,
  323,
  166,
  285,
  296,
  1462,
  347,
  697,
  1362,
  332,
  760,
  248,
  308,
  251,
  2093,
  296,
  197,
  885,
  415,
  196,
  255,
  289,
  202,
  346,
  321,
  231,
  1992,
  310,
  257,
  822,
  348,
  239,
  179,
  222,
  321,
  321,
  270,
  281,
  198,
  231,
  241,
  4390,
  4367,
  798,
  223,
  308,
  286,
  2131,
  2177,
  217,
  2131,
  270,
  1970,
  870,
  829,
  143,
  256,
  323,
  283,
  250,
  241,
  234,
  179,
  180,
  4382,
  315,
  4145,
  243,
  330,
  313,
  878,
  266,
  176,
  288,
  415,
  217,
  239,
  846,
  965,
  369,
  1772,
  4286,
  202,
  196,
  227,
  263,
  302,
  237,
  361,
  316,
  914,
  390,
  294,
  315,
  305,
  2071,
  302,
  237,
  2152,
  4087,
  244,
  215,
  215,
  245,
  176,
  319,
  4392,
  266,
  136,
  294,
  897,
  176,
  287,
  310,
  4775,
  926,
  353,
  202,
  285,
  398,
  246,
  294,
  176,
  336,
  181,
  4407,
  277,
  277,
  319,
  218,
  330,
  346,
  4469,
  223,
  289,
  321,
  167,
  437,
  337,
  215,
  184,
  167,
  200,
  313,
  999,
  330,
  779,
  319,
  180,
  177,
  267,
  782,
  353,
  390,
  290,
  198,
  281,
  4209,
  202,
  825,
  437,
  348,
  257,
  829,
  354,
  268,
  770,
  166,
  222,
  300,
  255,
  294,
  2330,
  230,
  334,
  4936,
  234,
  165,
  283,
  967,
  707,
  247,
  223,
  241,
  258,
  311,
  326,
  250,
  243,
  2388,
  319,
  241,
  244,
  286,
  243,
  2201,
  2376,
  215,
  353,
  240,
  354,
  337,
  321,
  289,
  1979,
  346,
  295,
  267,
  376,
  4362,
  246,
  263,
  2129,
  166,
  897,
  167,
  948,
  274,
  277,
  264,
  197,
  260
 ],
 "TotalThroughputOverTime": [
  0,
  0,
  0,
  0,
  12,
  16,
  16,
  13,
  16,
  15,
  12,
  19,
  19,
  16,
  15,
  16,
  14,
  13,
  16,
  18,
  18,
  19,
  17,
  13,
  15,
  16,
  17,
  15,
  17,
  2,
  2,
  2,
  1,
  0,
  0
 ],
 "AverageThroughputSecondaries": [
  5.571428571428571,
  5.857142857142857
 ],
 "TotalThrouhgputPerSecondaryPerWindow": [
  [
   0,
   0,
   0,
   0,
   5,
   8,
   7,
   7,
   6,
   9,
   4,
   11,
   8,
   8,
   9,
   6,
   8,
   7,
   5,
   9,
   12,
   11,
   9,
   6,
   5,
   8,
   9,
   7,
   8,
   1,
   0,
   2,
   0,
   0,
   0
  ],
  [
   0,
   0,
   0,
   0,
   7,
   8,
   9,
   6,
   10,
   6,
   8,
   8,
   11,
   8,
   6,
   10,
   6,
   6,
   11,
   9,
   6,
   8,
   8,
   7,
   10,
   8,
   8,
   8,
   9,
   1,
   2,
   0,
   1,
   0,
   0
  ]
 ],
 "MaximumThroughput": 19,
 "MinimumThroughput": 0,
 "AverageThroughput": 11.428571428571427,
 "TotalSuccess": 400,
 "TotalFails": 100
}