{
 "RawResults": [
  [
   {
    "TxLatencies": [
     364,
     349,
     179,
     856,
     229,
     197,
     237,
     203,
     203,
     185,
     1880,
     315,
     267,
     358,
     148,
     153,
     217,
     259,
     2149,
     862,
     2895,
     312,
     261,
     299,
     321,
     213,
     270,
     207,
     242,
     798,
     4148,
     2063,
     1927,
     273,
     307,
     4379,
     241,
     286,
     319,
     349,
     1951,
     268,
     232,
     267,
     294,
     173,
     217,
     356,
     239,
     243,
     273,
     239,
     289,
     182,
     212,
     287,
     174,
     156,
     216,
     209,
     268,
     263,
     269,
     185,
     4385,
     270,
     343,
     867,
     239,
     4818,
     276,
     312,
     294,
     335,
     319,
     248,
     4155,
     204,
     213,
     327,
     153,
     247,
     1995,
     294,
     219,
     278,
     421,
     343,
     861,
     156,
     315,
     334,
     4405,
     325,
     207,
     2000,
     334,
     322,
     147,
     242,
     286,
     220,
     187,
     1971,
     247,
     204,
     154,
     170,
     395,
     242,
     212,
     4379,
     2166,
     189,
     839,
     274,
     210,
     2145,
     183,
     2100,
     185,
     342,
     309,
     294,
     734,
     270,
     757,
     793,
     358,
     309,
     334,
     309,
     161,
     189,
     267,
     244,
     217,
     276,
     166,
     204,
     262,
     2081,
     724,
     335,
     308,
     3971,
     188,
     382,
     282,
     294,
     4713,
     922,
     298,
     4806,
     187,
     842,
     330,
     298,
     322,
     1954,
     2327,
     330,
     161,
     299,
     911,
     213,
     161,
     207,
     294,
     1904,
     307,
     242,
     4442,
     931,
     263,
     294,
     231,
     321,
     4044,
     1368,
     407,
     930,
     242,
     297,
     1793,
     2318,
     203,
     197,
     319,
     220,
     234,
     892,
     2158,
     1771,
     278,
     259
    ],
    "AverageLatency": 750.7295918367347,
    "MedianLatency": 0,
    "Throughput": 5.6,
    "ThroughputSeconds": [
     0,
     0,
     0,
     0,
     5,
     6,
     9,
     8,
     6,
     9,
     5,
     9,
     7,
     7,
     10,
     8,
     7,
     6,
     7,
     9,
     11,
     10,
     8,
     5,
     6,
     9,
     8,
     9,
     9,
     2,
     0,
     1,
     0,
     0,
     0
    ],
    "Success": 196,
    "Fail": 54
   }
  ],
  [
   {
    "TxLatencies": [
     208,
     234,
     264,
     239,
     269,
     137,
     258,
     168,
     234,
     250,
     234,
     291,
     298,
     1952,
     194,
     269,
     750,
     185,
     143,
     317,
     692,
     2072,
     267,
     234,
     2064,
     179,
     4350,
     172,
     214,
     147,
     406,
     1985,
     2788,
     276,
     268,
     209,
     179,
     259,
     233,
     792,
     4178,
     721,
     321,
     297,
     172,
     213,
     191,
     715,
     1740,
     335,
     196,
     208,
     243,
     1927,
     207,
     250,
     291,
     251,
     756,
     225,
     2026,
     334,
     212,
     321,
     170,
     195,
     761,
     773,
     354,
     321,
     295,
     4334,
     4145,
     234,
     250,
     260,
     166,
     158,
     342,
     870,
     143,
     209,
     177,
     321,
     192,
     342,
     835,
     1843,
     168,
     257,
     1891,
     144,
     223,
     317,
     1943,
     111,
     172,
     251,
     254,
     168,
     144,
     205,
     692,
     139,
     165,
     139,
     297,
     225,
     205,
     280,
     190,
     279,
     255,
     182,
     169,
     233,
     179,
     848,
     317,
     780,
     275,
     220,
     270,
     1872,
     165,
     295,
     271,
     886,
     250,
     195,
     4073,
     144,
     185,
     182,
     220,
     767,
     187,
     254,
     272,
     136,
     330,
     220,
     297,
     340,
     317,
     165,
     865,
     248,
     329,
     238,
     239,
     301,
     1973,
     166,
     205,
     211,
     268,
     297,
     833,
     1935,
     179,
     318,
     304,
     3979,
     191,
     800,
     280,
     254,
     2006,
     273,
     324,
     158,
     208,
     292,
     1817,
     281,
     111,
     255,
     3935,
     275,
     255,
     251,
     212,
     257,
     763,
     273,
     2020,
     761,
     268,
     208,
     313,
     801,
     246,
     190,
     335,
     205,
     1985,
     339,
     292,
     292,
     220,
     221,
     212,
     298,
     247,
     4868,
     177,
     213
    ],
    "AverageLatency": 597.9807692307693,
    "MedianLatency": 0,
    "Throughput": 5.942857142857143,
    "ThroughputSeconds": [
     0,
     0,
     0,
     0,
     7,
     10,
     8,
     6,
     11,
     5,
     7,
     10,
     11,
     8,
     6,
     8,
     7,
     8,
     8,
     10,
     9,
     6,
     8,
     10,
     10,
     8,
     8,
     6,
     9,
     0,
     2,
     1,
     1,
     0,
     0
    ],
    "Success": 208,
    "Fail": 42
   }
  ]
 ],
 "SecondaryResults": [
  {
   "TxLatencies": [
    147,
    148,
    153,
    153,
    154,
    156,
    156,
    161,
    161,
    161,
    166,
    170,
    173,
    174,
    179,
    182,
    183,
    185,
    185,
    185,
    187,
    187,
    188,
    189,
    189,
    197,
    197,
    203,
    203,
    203,
    204,
    204,
    204,
    207,
    207,
    207,
    209,
    210,
    212,
    212,
    213,
    213,
    213,
    216,
    217,
    217,
    217,
    219,
    220,
    220,
    229,
    231,
    232,
    234,
    237,
    239,
    239,
    239,
    241,
    242,
    242,
    242,
    242,
    242,
    243,
    244,
    247,
    247,
    248,
    259,
    259,
    261,
    262,
    263,
    263,
    267,
    267,
    267,
    268,
    268,
    269,
    270,
    270,
    270,
    273,
    273,
    274,
    276,
    276,
    278,
    278,
    282,
    286,
    286,
    287,
    289,
    294,
    294,
    294,
    294,
    294,
    294,
    294,
    297,
    298,
    298,
    299,
    299,
    307,
    307,
    308,
    309,
    309,
    309,
    312,
    312,
    315,
    315,
    319,
    319,
    319,
    321,
    321,
    322,
    322,
    325,
    327,
    330,
    330,
    334,
    334,
    334,
    335,
    335,
    342,
    343,
    343,
    349,
    349,
    356,
    358,
    358,
    364,
    382,
    395,
    407,
    421,
    724,
    734,
    757,
    793,
    798,
    839,
    842,
    856,
    861,
    862,
    867,
    892,
    911,
    922,
    930,
    931,
    1368,
    1771,
    1793,
    1880,
    1904,
    1927,
    1951,
    1954,
    1971,
    1995,
    2000,
    2063,
    2081,
    2100,
    2145,
    2149,
    2158,
    2166,
    2318,
    2327,
    2895,
    3971,
    4044,
    4148,
    4155,
    4379,
    4379,
    4385,
    4405,
    4442,
    4713,
    4806,
    4818
   ],
   "AverageLatency": 750.7295918367347,
   "MedianLatency": 294,
   "Throughput": 5.6,
   "ThroughputSeconds": [
    0,
    0,
    0,
    0,
    5,
    6,
    9,
    8,
    6,
    9,
    5,
    9,
    7,
    7,
    10,
    8,
    7,
    6,
    7,
    9,
    11,
    10,
    8,
    5,
    6,
    9,
    8,
    9,
    9,
    2,
    0,
    1,
    0,
    0,
    0
   ],
   "Success": 196,
   "Fail": 54
  },
  {
   "TxLatencies": [
    111,
    111,
    136,
    137,
    139,
    139,
    143,
    143,
    144,
    144,
    144,
    147,
    158,
    158,
    165,
    165,
    165,
    166,
    166,
    168,
    168,
    168,
    169,
    170,
    172,
    172,
    172,
    177,
    177,
    179,
    179,
    179,
    179,
    182,
    182,
    185,
    185,
    187,
    190,
    190,
    191,
    191,
    192,
    194,
    195,
    195,
    196,
    205,
    205,
    205,
    205,
    207,
    208,
    208,
    208,
    208,
    209,
    209,
    211,
    212,
    212,
    212,
    213,
    213,
    214,
    220,
    220,
    220,
    220,
    221,
    223,
    225,
    225,
    233,
    233,
    234,
    234,
    234,
    234,
    234,
    238,
    239,
    239,
    243,
    246,
    247,
    248,
    250,
    250,
    250,
    250,
    251,
    251,
    251,
    254,
    254,
    254,
    255,
    255,
    255,
    257,
    257,
    258,
    259,
    260,
    264,
    267,
    268,
    268,
    268,
    269,
    269,
    270,
    271,
    272,
    273,
    273,
    275,
    275,
    276,
    279,
    280,
    280,
    281,
    291,
    291,
    292,
    292,
    292,
    295,
    295,
    297,
    297,
    297,
    297,
    298,
    298,
    301,
    304,
    313,
    317,
    317,
    317,
    317,
    318,
    321,
    321,
    321,
    321,
    324,
    329,
    330,
    334,
    335,
    335,
    339,
    340,
    342,
    342,
    354,
    406,
    692,
    692,
    715,
    721,
    750,
    756,
    761,
    761,
    763,
    767,
    773,
    780,
    792,
    800,
    801,
    833,
    835,
    848,
    865,
    870,
    886,
    1740,
    1817,
    1843,
    1872,
    1891,
    1927,
    1935,
    1943,
    1952,
    1973,
    1985,
    1985,
    2006,
    2020,
    2026,
    2064,
    2072,
    2788,
    3935,
    3979,
    4073,
    4145,
    4178,
    4334,
    4350,
    4868
   ],
   "AverageLatency": 597.9807692307693,
   "MedianLatency": 259.5,
   "Throughput": 5.942857142857143,
   "ThroughputSeconds": [
    0,
    0,
    0,
    0,
    7,
    10,
    8,
    6,
    11,
    5,
    7,
    10,
    11,
    8,
    6,
    8,
    7,
    8,
    8,
    10,
    9,
    6,
    8,
    10,
    10,
    8,
    8,
    6,
    9,
    0,
    2,
    1,
    1,
    0,
    0
   ],
   "Success": 208,
   "Fail": 42
  }
 ],
 "MinLatency": 111,
 "AverageLatency": 674.355180533752,
 "MaxLatency": 4868,
 "MedianLatency": 674.355180533752,
 "AllTxLatencies": [
  364,
  349,
  179,
  856,
  229,
  197,
  237,
  203,
  203,
  185,
  1880,
  315,
  267,
  358,
  148,
  153,
  217,
  259,
  2149,
  862,
  2895,
  312,
  261,
  299,
  321,
  213,
  270,
  207,
  242,
  798,
  4148,
  2063,
  1927,
  273,
  307,
  4379,
  241,
  286,
  319,
  349,
  1951,
  268,
  232,
  267,
  294,
  173,
  217,
  356,
  239,
  243,
  273,
  239,
  289,
  182,
  212,
  287,
  174,
  156,
  216,
  209,
  268,
  263,
  269,
  185,
  4385,
  270,
  343,
  867,
  239,
  4818,
  276,
  312,
  294,
  335,
  319,
  248,
  4155,
  204,
  213,
  327,
  153,
  247,
  1995,
  294,
  219,
  278,
  421,
  343,
  861,
  156,
  315,
  334,
  4405,
  325,
  207,
  2000,
  334,
  322,
  147,
  242,
  286,
  220,
  187,
  1971,
  247,
  204,
  154,
  170,
  395,
  242,
  212,
  4379,
  2166,
  189,
  839,
  274,
  210,
  2145,
  183,
  2100,
  185,
  342,
  309,
  294,
  734,
  270,
  757,
  793,
  358,
  309,
  334,
  309,
  161,
  189,
  267,
  244,
  217,
  276,
  166,
  204,
  262,
  2081,
  724,
  335,
  308,
  3971,
  188,
  382,
  282,
  294,
  4713,
  922,
  298,
  4806,
  187,
  842,
  330,
  298,
  322,
  1954,
  2327,
  330,
  161,
  299,
  911,
  213,
  161,
  207,
  294,
  1904,
  307,
  242,
  4442,
  931,
  263,
  294,
  231,
  321,
  4044,
  1368,
  407,
  930,
  242,
  297,
  1793,
  2318,
  203,
  197,
  319,
  220,
  234,
  892,
  2158,
  1771,
  278,
  259,
  208,
  234,
  264,
  239,
  269,
  137,
  258,
  168,
  234,
  250,
  234,
  291,
  298,
  1952,
  194,
  269,
  750,
  185,
  143,
  317,
  692,
  2072,
  267,
  234,
  2064,
  179,
  4350,
  172,
  214,
  147,
  406,
  1985,
  2788,
  276,
  268,
  209,
  179,
  259,
  233,
  792,
  4178,
  721,
  321,
  297,
  172,
  213,
  191,
  715,
  1740,
  335,
  196,
  208,
  243,
  1927,
  207,
  250,
  291,
  251,
  756,
  225,
  2026,
  334,
  212,
  321,
  170,
  195,
  761,
  773,
  354,
  321,
  295,
  4334,
  4145,
  234,
  250,
  260,
  166,
  158,
  342,
  870,
  143,
  209,
  177,
  321,
  192,
  342,
  835,
  1843,
  168,
  257,
  1891,
  144,
  223,
  317,
  1943,
  111,
  172,
  251,
  254,
  168,
  144,
  205,
  692,
  139,
  165,
  139,
  297,
  225,
  205,
  280,
  190,
  279,
  255,
  182,
  169,
  233,
  179,
  848,
  317,
  780,
  275,
  220,
  270,
  1872,
  165,
  295,
  271,
  886,
  250,
  195,
  4073,
  144,
  185,
  182,
  220,
  767,
  187,
  254,
  272,
  136,
  330,
  220,
  297,
  340,
  317,
  165,
  865,
  248,
  329,
  238,
  239,
  301,
  1973,
  166,
  205,
  211,
  268,
  297,
  833,
  1935,
  179,
  318,
  304,
  3979,
  191,
  800,
  280,
  254,
  2006,
  273,
  324,
  158,
  208,
  292,
  1817,
  281,
  111,
  255,
  3935,
  275,
  255,
  251,
  212,
  257,
  763,
  273,
  2020,
  761,
  268,
  208,
  313,
  801,
  246,
  190,
  335,
  205,
  1985,
  339,
  292,
  292,
  220,
  221,
  212,
  298,
  247,
  4868,
  177,
  213
 ],
 "TotalThroughputOverTime": [
  0,
  0,
  0,
  0,
  12,
  16,
  17,
  14,
  17,
  14,
  12,
  19,
  18,
  15,
  16,
  16,
  14,
  14,
  15,
  19,
  20,
  16,
  16,
  15,
  16,
  17,
  16,
  15,
  18,
  2,
  2,
  2,
  1,
  0,
  0
 ],
 "AverageThroughputSecondaries": [
  5.6,
  5.942857142857143
 ],
 "TotalThrouhgputPerSecondaryPerWindow": [
  [
   0,
   0,
   0,
   0,
   5,
   6,
   9,
   8,
   6,
   9,
   5,
   9,
   7,
   7,
   10,
   8,
   7,
   6,
   7,
   9,
   11,
   10,
   8,
   5,
   6,
   9,
   8,
   9,
   9,
   2,
   0,
   1,
   0,
   0,
   0
  ],
  [
   0,
   0,
   0,
   0,
   7,
   10,
   8,
   6,
   11,
   5,
   7,
   10,
   11,
   8,
   6,
   8,
   7,
   8,
   8,
   10,
   9,
   6,
   8,
   10,
   10,
   8,
   8,
   6,
   9,
   0,
   2,
   1,
   1,
   0,
   0
  ]
 ],
 "MaximumThroughput": 20,
 "MinimumThroughput": 0,
 "AverageThroughput": 11.542857142857143,
 "TotalSuccess": 404,
 "TotalFails": 96
}