{
 "RawResults": [
  [
   {
    "TxLatencies": [
     328,
     921,
     4726,
     415,
     185,
     269,
     221,
     266,
     351,
     146,
     198,
     240,
     174,
     200,
     308,
     264,
     213,
     291,
     217,
     196,
     225,
     847,
     215,
     328,
     323,
     318,
     849,
     276,
     291,
     305,
     206,
     291,
     275,
     165,
     748,
     289,
     331,
     209,
     246,
     780,
     341,
     310,
     245,
     213,
     314,
     939,
     235,
     268,
     292,
     315,
     381,
     4168,
     305,
     241,
     748,
     308,
     200,
     4975,
     263,
     298,
     330,
     357,
     202,
     250,
     145,
     174,
     246,
     161,
     250,
     244,
     339,
     962,
     185,
     157,
     236,
     349,
     240,
     289,
     228,
     236,
     1914,
     780,
     361,
     166,
     891,
     263,
     144,
     361,
     833,
     246,
     320,
     207,
     164,
     997,
     266,
     907,
     823,
     292,
     289,
     339,
     338,
     421,
     226,
     275,
     196,
     344,
     275,
     223,
     328,
     803,
     250,
     261,
     1907,
     339,
     4772,
     800,
     776,
     330,
     815,
     295,
     4055,
     279,
     294,
     219,
     266,
     211,
     242,
     191,
     887,
     927,
     361,
     2114,
     302,
     302,
     318,
     434,
     4130,
     826,
     160,
     347,
     339,
     289,
     338,
     292,
     284,
     4113,
     263,
     307,
     276,
     838,
     284,
     268,
     292,
     261,
     200,
     2055,
     205,
     899,
     325,
     4110,
     324,
     917,
     326,
     294,
     4420,
     167,
     299,
     4361,
     776,
     246,
     4178,
     314,
     266,
     361,
     185,
     263,
     320,
     205,
     310,
     209,
     166,
     246,
     264,
     292,
     942,
     4801,
     4519,
     232,
     973,
     174,
     2004,
     198
    ],
    "AverageLatency": 675.921875,
    "MedianLatency": 0,
    "Throughput": 5.1891891891891895,
    "ThroughputSeconds": [
     0,
     0,
     0,
     0,
     5,
     8,
     7,
     7,
     9,
     7,
     4,
     9,
     8,
     9,
     9,
     7,
     8,
     6,
     8,
     8,
     9,
     8,
     10,
     4,
     7,
     8,
     9,
     6,
     8,
     1,
     0,
     2,
     1,
     0,
     0,
     0,
     0
    ],
    "Success": 192,
    "Fail": 58
   }
  ],
  [
   {
    "TxLatencies": [
     341,
     272,
     247,
     327,
     317,
     423,
     238,
     238,
     791,
     196,
     271,
     263,
     164,
     347,
     874,
     268,
     360,
     231,
     215,
     4250,
     317,
     334,
     4888,
     165,
     261,
     149,
     220,
     275,
     251,
     2151,
     226,
     293,
     4321,
     170,
     275,
     1991,
     318,
     321,
     2117,
     292,
     196,
     729,
     307,
     176,
     293,
     158,
     750,
     173,
     130,
     2027,
     328,
     326,
     247,
     223,
     305,
     874,
     251,
     2035,
     4348,
     220,
     300,
     312,
     317,
     5175,
     261,
     309,
     169,
     347,
     253,
     798,
     205,
     149,
     151,
     247,
     149,
     292,
     318,
     729,
     336,
     270,
     207,
     294,
     344,
     169,
     787,
     307,
     226,
     293,
     273,
     826,
     787,
     173,
     334,
     238,
     268,
     269,
     272,
     211,
     811,
     293,
     4360,
     369,
     271,
     416,
     858,
     220,
     166,
     238,
     353,
     214,
     223,
     287,
     239,
     247,
     278,
     364,
     1981,
     205,
     310,
     311,
     222,
     212,
     4415,
     215,
     945,
     205,
     6159,
     296,
     280,
     307,
     245,
     190,
     130,
     211,
     193,
     158,
     222,
     4416,
     196,
     321,
     2354,
     261,
     193,
     2158,
     205,
     384,
     181,
     269,
     246,
     246,
     270,
     2164,
     269,
     168,
     138,
     293,
     272,
     278,
     243,
     301,
     2166,
     241,
     807,
     199,
     263,
     292,
     200,
     149,
     193,
     311,
     317,
     251,
     301,
     271,
     2045,
     2016,
     190,
     266,
     171,
     2078,
     353,
     4005,
     915,
     204,
     351,
     328,
     2148,
     216,
     290,
     860,
     190,
     273,
     226,
     893,
     239,
     909,
     326,
     229,
     209,
     879,
     778,
     896,
     335,
     230
    ],
    "AverageLatency": 656.2892156862745,
    "MedianLatency": 0,
    "Throughput": 5.513513513513513,
    "ThroughputSeconds": [
     0,
     0,
     0,
     0,
     7,
     8,
     9,
     6,
     7,
     8,
     8,
     9,
     9,
     8,
     6,
     9,
     8,
     6,
     8,
     10,
     9,
     8,
     7,
     10,
     9,
     8,
     7,
     9,
     7,
     1,
     2,
     0,
     0,
     0,
     1,
     0,
     0
    ],
    "Success": 204,
    "Fail": 46
   }
  ]
 ],
 "SecondaryResults": [
  {
   "TxLatencies": [
    144,
    145,
    146,
    157,
    160,
    161,
    164,
    165,
    166,
    166,
    167,
    174,
    174,
    174,
    185,
    185,
    185,
    191,
    196,
    196,
    198,
    198,
    200,
    200,
    200,
    202,
    205,
    205,
    206,
    207,
    209,
    209,
    211,
    213,
    213,
    215,
    217,
    219,
    221,
    223,
    225,
    226,
    228,
    232,
    235,
    236,
    236,
    240,
    240,
    241,
    242,
    244,
    245,
    246,
    246,
    246,
    246,
    246,
    250,
    250,
    250,
    261,
    261,
    263,
    263,
    263,
    263,
    264,
    264,
    266,
    266,
    266,
    266,
    268,
    268,
    269,
    275,
    275,
    275,
    276,
    276,
    279,
    284,
    284,
    289,
    289,
    289,
    289,
    291,
    291,
    291,
    292,
    292,
    292,
    292,
    292,
    294,
    294,
    295,
    298,
    299,
    302,
    302,
    305,
    305,
    307,
    308,
    308,
    310,
    310,
    314,
    314,
    315,
    318,
    318,
    320,
    320,
    323,
    324,
    325,
    326,
    328,
    328,
    328,
    330,
    330,
    331,
    338,
    338,
    339,
    339,
    339,
    339,
    341,
    344,
    347,
    349,
    351,
    357,
    361,
    361,
    361,
    361,
    381,
    415,
    421,
    434,
    748,
    748,
    776,
    776,
    780,
    780,
    800,
    803,
    815,
    823,
    826,
    833,
    838,
    847,
    849,
    887,
    891,
    899,
    907,
    917,
    921,
    927,
    939,
    942,
    962,
    973,
    997,
    1907,
    1914,
    2004,
    2055,
    2114,
    4055,
    4110,
    4113,
    4130,
    4168,
    4178,
    4361,
    4420,
    4519,
    4726,
    4772,
    4801,
    4975
   ],
   "AverageLatency": 675.921875,
   "MedianLatency": 293,
   "Throughput": 5.1891891891891895,
   "ThroughputSeconds": [
    0,
    0,
    0,
    0,
    5,
    8,
    7,
    7,
    9,
    7,
    4,
    9,
    8,
    9,
    9,
    7,
    8,
    6,
    8,
    8,
    9,
    8,
    10,
    4,
    7,
    8,
    9,
    6,
    8,
    1,
    0,
    2,
    1,
    0,
    0,
    0,
    0
   ],
   "Success": 192,
   "Fail": 58
  },
  {
   "TxLatencies": [
    130,
    130,
    138,
    149,
    149,
    149,
    149,
    151,
    158,
    158,
    164,
    165,
    166,
    168,
    169,
    169,
    170,
    171,
    173,
    173,
    176,
    181,
    190,
    190,
    190,
    193,
    193,
    193,
    196,
    196,
    196,
    199,
    200,
    204,
    205,
    205,
    205,
    205,
    207,
    209,
    211,
    211,
    212,
    214,
    215,
    215,
    216,
    220,
    220,
    220,
    222,
    222,
    223,
    223,
    226,
    226,
    226,
    229,
    230,
    231,
    238,
    238,
    238,
    238,
    239,
    239,
    241,
    243,
    245,
    246,
    246,
    247,
    247,
    247,
    247,
    251,
    251,
    251,
    253,
    261,
    261,
    261,
    263,
    263,
    266,
    268,
    268,
    269,
    269,
    269,
    270,
    270,
    271,
    271,
    271,
    272,
    272,
    272,
    273,
    273,
    275,
    275,
    278,
    278,
    280,
    287,
    290,
    292,
    292,
    292,
    293,
    293,
    293,
    293,
    293,
    294,
    296,
    300,
    301,
    301,
    305,
    307,
    307,
    307,
    309,
    310,
    311,
    311,
    312,
    317,
    317,
    317,
    317,
    318,
    318,
    321,
    321,
    326,
    326,
    327,
    328,
    328,
    334,
    334,
    335,
    336,
    341,
    344,
    347,
    347,
    351,
    353,
    353,
    360,
    364,
    369,
    384,
    416,
    423,
    729,
    729,
    750,
    778,
    787,
    787,
    791,
    798,
    807,
    811,
    826,
    858,
    860,
    874,
    874,
    879,
    893,
    896,
    909,
    915,
    945,
    1981,
    1991,
    2016,
    2027,
    2035,
    2045,
    2078,
    2117,
    2148,
    2151,
    2158,
    2164,
    2166,
    2354,
    4005,
    4250,
    4321,
    4348,
    4360,
    4415,
    4416,
    4888,
    5175,
    6159
   ],
   "AverageLatency": 656.2892156862745,
   "MedianLatency": 276.5,
   "Throughput": 5.513513513513513,
   "ThroughputSeconds": [
    0,
    0,
    0,
    0,
    7,
    8,
    9,
    6,
    7,
    8,
    8,
    9,
    9,
    8,
    6,
    9,
    8,
    6,
    8,
    10,
    9,
    8,
    7,
    10,
    9,
    8,
    7,
    9,
    7,
    1,
    2,
    0,
    0,
    0,
    1,
    0,
    0
   ],
   "Success": 204,
   "Fail": 46
  }
 ],
 "MinLatency": 130,
 "AverageLatency": 666.1055453431372,
 "MaxLatency": 6159,
 "MedianLatency": 666.1055453431372,
 "AllTxLatencies": [
  328,
  921,
  4726,
  415,
  185,
  269,
  221,
  266,
  351,
  146,
  198,
  240,
  174,
  200,
  308,
  264,
  213,
  291,
  217,
  196,
  225,
  847,
  215,
  328,
  323,
  318,
  849,
  276,
  291,
  305,
  206,
  291,
  275,
  165,
  748,
  289,
  331,
  209,
  246,
  780,
  341,
  310,
  245,
  213,
  314,
  939,
  235,
  268,
  292,
  315,
  381,
  4168,
  305,
  241,
  748,
  308,
  200,
  4975,
  263,
  298,
  330,
  357,
  202,
  250,
  145,
  174,
  246,
  161,
  250,
  244,
  339,
  962,
  185,
  157,
  236,
  349,
  240,
  289,
  228,
  236,
  1914,
  780,
  361,
  166,
  891,
  263,
  144,
  361,
  833,
  246,
  320,
  207,
  164,
  997,
  266,
  907,
  823,
  292,
  289,
  339,
  338,
  421,
  226,
  275,
  196,
  344,
  275,
  223,
  328,
  803,
  250,
  261,
  1907,
  339,
  4772,
  800,
  776,
  330,
  815,
  295,
  4055,
  279,
  294,
  219,
  266,
  211,
  242,
  191,
  887,
  927,
  361,
  2114,
  302,
  302,
  318,
  434,
  4130,
  826,
  160,
  347,
  339,
  289,
  338,
  292,
  284,
  4113,
  263,
  307,
  276,
  838,
  284,
  268,
  292,
  261,
  200,
  2055,
  205,
  899,
  325,
  4110,
  324,
  917,
  326,
  294,
  4420,
  167,
  299,
  4361,
  776,
  246,
  4178,
  314,
  266,
  361,
  185,
  263,
  320,
  205,
  310,
  209,
  166,
  246,
  264,
  292,
  942,
  4801,
  4519,
  232,
  973,
  174,
  2004,
  198,
  341,
  272,
  247,
  327,
  317,
  423,
  238,
  238,
  791,
  196,
  271,
  263,
  164,
  347,
  874,
  268,
  360,
  231,
  215,
  4250,
  317,
  334,
  4888,
  165,
  261,
  149,
  220,
  275,
  251,
  2151,
  226,
  293,
  4321,
  170,
  275,
  1991,
  318,
  321,
  2117,
  292,
  196,
  729,
  307,
  176,
  293,
  158,
  750,
  173,
  130,
  2027,
  328,
  326,
  247,
  223,
  305,
  874,
  251,
  2035,
  4348,
  220,
  300,
  312,
  317,
  5175,
  261,
  309,
  169,
  347,
  253,
  798,
  205,
  149,
  151,
  247,
  149,
  292,
  318,
  729,
  336,
  270,
  207,
  294,
  344,
  169,
  787,
  307,
  226,
  293,
  273,
  826,
  787,
  173,
  334,
  238,
  268,
  269,
  272,
  211,
  811,
  293,
  4360,
  369,
  271,
  416,
  858,
  220,
  166,
  238,
  353,
  214,
  223,
  287,
  239,
  247,
  278,
  364,
  1981,
  205,
  310,
  311,
  222,
  212,
  4415,
  215,
  945,
  205,
  6159,
  296,
  280,
  307,
  245,
  190,
  130,
  211,
  193,
  158,
  222,
  4416,
  196,
  321,
  2354,
  261,
  193,
  2158,
  205,
  384,
  181,
  269,
  246,
  246,
  270,
  2164,
  269,
  168,
  138,
  293,
  272,
  278,
  243,
  301,
  2166,
  241,
  807,
  199,
  263,
  292,
  200,
  149,
  193,
  311,
  317,
  251,
  301,
  271,
  2045,
  2016,
  190,
  266,
  171,
  2078,
  353,
  4005,
  915,
  204,
  351,
  328,
  2148,
  216,
  290,
  860,
  190,
  273,
  226,
  893,
  239,
  909,
  326,
  229,
  209,
  879,
  778,
  896,
  335,
  230
 ],
 "TotalThroughputOverTime": [
  0,
  0,
  0,
  0,
  12,
  16,
  16,
  13,
  16,
  15,
  12,
  18,
  17,
  17,
  15,
  16,
  16,
  12,
  16,
  18,
  18,
  16,
  17,
  14,
  16,
  16,
  16,
  15,
  15,
  2,
  2,
  2,
  1,
  0,
  1,
  0,
  0
 ],
 "AverageThroughputSecondaries": [
  5.1891891891891895,
  5.513513513513513
 ],
 "TotalThrouhgputPerSecondaryPerWindow": [
  [
   0,
   0,
   0,
   0,
   5,
   8,
   7,
   7,
   9,
   7,
   4,
   9,
   8,
   9,
   9,
   7,
   8,
   6,
   8,
   8,
   9,
   8,
   10,
   4,
   7,
   8,
   9,
   6,
   8,
   1,
   0,
   2,
   1,
   0,
   0,
   0,
   0
  ],
  [
   0,
   0,
   0,
   0,
   7,
   8,
   9,
   6,
   7,
   8,
   8,
   9,
   9,
   8,
   6,
   9,
   8,
   6,
   8,
   10,
   9,
   8,
   7,
   10,
   9,
   8,
   7,
   9,
   7,
   1,
   2,
   0,
   0,
   0,
   1,
   0,
   0
  ]
 ],
 "MaximumThroughput": 18,
 "MinimumThroughput": 0,
 "AverageThroughput": 10.702702702702702,
 "TotalSuccess": 396,
 "TotalFails": 104
}