{
 "RawResults": [
  [
   {
    "TxLatencies": [
     329,
     1177,
     202,
     1171,
     174,
     173,
     926,
     1172,
     329,
     1171,
     192,
     325,
     202,
     198,
     184,
     1171,
     925,
     192,
     202,
     816,
     180,
     925,
     3820,
     304,
     815,
     180,
     329,
     329,
     1173,
     173,
     3172,
     1180,
     1171,
     815,
     192,
     329,
     1180,
     173,
     329,
     186,
     1182,
     192,
     801,
     329,
     266,
     173,
     186,
     936,
     266,
     173,
     196,
     800,
     329,
     196,
     266,
     1173,
     304,
     329,
     202,
     304,
     192,
     1172,
     820,
     1184,
     178,
     1173,
     801,
     202,
     158,
     1171,
     2816,
     191,
     174,
     304,
     266,
     1180,
     176,
     202,
     1173,
     192,
     304,
     198,
     174,
     1186,
     176,
     178,
     1173,
     819,
     1177,
     190,
     178,
     198,
     1172,
     173,
     186,
     158,
     158,
     1176,
     1183,
     820,
     202,
     198,
     1186,
     192,
     925,
     173,
     9965,
     1177,
     304,
     816,
     1196,
     178,
     196,
     192,
     173,
     1172,
     1180,
     1176,
     819,
     182,
     1183,
     329,
     186,
     926,
     266,
     329,
     158,
     329,
     1180,
     158,
     173,
     192,
     1172,
     266,
     266,
     1177,
     178,
     1171,
     180,
     936,
     183,
     1176,
     820,
     181,
     1179,
     329,
     182,
     2158,
     1182,
     182,
     192,
     192,
     800,
     329,
     202,
     184,
     936,
     936,
     2172,
     819,
     1173,
     192,
     820,
     180,
     925,
     813,
     304,
     192,
     180,
     192,
     196,
     266,
     1183,
     2304,
     1183,
     178,
     1172,
     329,
     1176,
     198,
     5883,
     2191,
     1177,
     202,
     304,
     158,
     1180,
     801,
     936,
     202,
     304,
     5326,
     1173,
     186,
     1180,
     266,
     1172,
     1182,
     1180,
     1173,
     196,
     925,
     325,
     1177,
     180,
     1176,
     1183,
     925,
     1186,
     325,
     329,
     1176,
     4186,
     1186,
     192
    ],
    "AverageLatency": 754.3302325581395,
    "MedianLatency": 0,
    "Throughput": 5.375,
    "ThroughputSeconds": [
     0,
     0,
     0,
     0,
     0,
     7,
     8,
     12,
     9,
     12,
     10,
     5,
     8,
     15,
     3,
     15,
     5,
     8,
     6,
     9,
     6,
     13,
     9,
     8,
     9,
     0,
     16,
     7,
     13,
     0,
     0,
     0,
     0,
     1,
     0,
     0,
     0,
     1,
     0,
     0
    ],
    "Success": 215,
    "Fail": 35
   }
  ],
  [
   {
    "TxLatencies": [
     326,
     191,
     800,
     197,
     193,
     176,
     183,
     202,
     172,
     303,
     815,
     200,
     181,
     176,
     195,
     1187,
     4172,
     202,
     193,
     1183,
     173,
     202,
     4183,
     193,
     326,
     1176,
     193,
     815,
     326,
     195,
     1187,
     183,
     820,
     202,
     195,
     3792,
     1183,
     1180,
     183,
     193,
     1198,
     266,
     1172,
     330,
     1172,
     1172,
     1183,
     193,
     326,
     181,
     176,
     173,
     815,
     1172,
     172,
     1173,
     192,
     176,
     1182,
     925,
     4186,
     202,
     1172,
     1172,
     193,
     193,
     330,
     187,
     195,
     202,
     160,
     173,
     191,
     330,
     183,
     326,
     1172,
     200,
     330,
     303,
     266,
     179,
     936,
     1173,
     1172,
     193,
     1183,
     800,
     329,
     820,
     1183,
     936,
     193,
     2183,
     820,
     202,
     1180,
     266,
     179,
     5183,
     266,
     183,
     326,
     303,
     815,
     820,
     936,
     195,
     160,
     197,
     183,
     193,
     192,
     183,
     303,
     2936,
     936,
     925,
     181,
     1179,
     179,
     202,
     815,
     193,
     193,
     193,
     1172,
     1183,
     185,
     1172,
     326,
     160,
     329,
     1183,
     1183,
     266,
     1172,
     1187,
     1173,
     202,
     173,
     926,
     266,
     1172,
     176,
     266,
     2329,
     936,
     326,
     191,
     176,
     1174,
     179,
     200,
     193,
     1183,
     202,
     200,
     200,
     330,
     5800,
     183,
     330,
     815,
     192,
     1183,
     326,
     179,
     193,
     6197,
     181,
     1187,
     926,
     1187,
     329,
     303,
     936,
     195,
     186,
     303,
     330,
     195,
     1176,
     176,
     1183,
     200,
     193,
     195,
     1183,
     176,
     2926,
     329,
     183,
     1172,
     303,
     2330,
     330,
     926,
     176,
     185,
     329,
     1183,
     1172,
     183,
     183,
     326,
     266,
     329,
     1172,
     1183,
     172,
     1172,
     4192,
     820,
     1172,
     936,
     1176,
     1183,
     5172,
     197
    ],
    "AverageLatency": 748.4818181818182,
    "MedianLatency": 0,
    "Throughput": 5.5,
    "ThroughputSeconds": [
     0,
     0,
     0,
     0,
     0,
     13,
     11,
     6,
     6,
     14,
     10,
     4,
     8,
     15,
     7,
     9,
     6,
     13,
     10,
     10,
     5,
     10,
     6,
     11,
     8,
     4,
     17,
     3,
     13,
     0,
     1,
     0,
     0,
     0,
     0,
     0,
     0,
     0,
     0,
     0
    ],
    "Success": 220,
    "Fail": 30
   }
  ]
 ],
 "SecondaryResults": [
  {
   "TxLatencies": [
    158,
    158,
    158,
    158,
    158,
    158,
    173,
    173,
    173,
    173,
    173,
    173,
    173,
    173,
    173,
    174,
    174,
    174,
    176,
    176,
    178,
    178,
    178,
    178,
    178,
    178,
    180,
    180,
    180,
    180,
    180,
    180,
    181,
    182,
    182,
    182,
    183,
    184,
    184,
    186,
    186,
    186,
    186,
    186,
    190,
    191,
    192,
    192,
    192,
    192,
    192,
    192,
    192,
    192,
    192,
    192,
    192,
    192,
    192,
    192,
    192,
    196,
    196,
    196,
    196,
    196,
    198,
    198,
    198,
    198,
    198,
    202,
    202,
    202,
    202,
    202,
    202,
    202,
    202,
    202,
    202,
    266,
    266,
    266,
    266,
    266,
    266,
    266,
    266,
    266,
    304,
    304,
    304,
    304,
    304,
    304,
    304,
    304,
    304,
    325,
    325,
    325,
    329,
    329,
    329,
    329,
    329,
    329,
    329,
    329,
    329,
    329,
    329,
    329,
    329,
    329,
    329,
    329,
    800,
    800,
    801,
    801,
    801,
    813,
    815,
    815,
    816,
    816,
    819,
    819,
    819,
    820,
    820,
    820,
    820,
    925,
    925,
    925,
    925,
    925,
    925,
    926,
    926,
    936,
    936,
    936,
    936,
    936,
    1171,
    1171,
    1171,
    1171,
    1171,
    1171,
    1172,
    1172,
    1172,
    1172,
    1172,
    1172,
    1172,
    1173,
    1173,
    1173,
    1173,
    1173,
    1173,
    1173,
    1173,
    1176,
    1176,
    1176,
    1176,
    1176,
    1176,
    1177,
    1177,
    1177,
    1177,
    1177,
    1177,
    1179,
    1180,
    1180,
    1180,
    1180,
    1180,
    1180,
    1180,
    1180,
    1182,
    1182,
    1182,
    1183,
    1183,
    1183,
    1183,
    1183,
    1184,
    1186,
    1186,
    1186,
    1186,
    1196,
    2158,
    2172,
    2191,
    2304,
    2816,
    3172,
    3820,
    4186,
    5326,
    5883,
    9965
   ],
   "AverageLatency": 754.3302325581395,
   "MedianLatency": 329,
   "Throughput": 5.375,
   "ThroughputSeconds": [
    0,
    0,
    0,
    0,
    0,
    7,
    8,
    12,
    9,
    12,
    10,
    5,
    8,
    15,
    3,
    15,
    5,
    8,
    6,
    9,
    6,
    13,
    9,
    8,
    9,
    0,
    16,
    7,
    13,
    0,
    0,
    0,
    0,
    1,
    0,
    0,
    0,
    1,
    0,
    0
   ],
   "Success": 215,
   "Fail": 35
  },
  {
   "TxLatencies": [
    160,
    160,
    160,
    172,
    172,
    172,
    173,
    173,
    173,
    173,
    176,
    176,
    176,
    176,
    176,
    176,
    176,
    176,
    176,
    179,
    179,
    179,
    179,
    179,
    181,
    181,
    181,
    181,
    183,
    183,
    183,
    183,
    183,
    183,
    183,
    183,
    183,
    183,
    183,
    185,
    185,
    186,
    187,
    191,
    191,
    191,
    192,
    192,
    192,
    193,
    193,
    193,
    193,
    193,
    193,
    193,
    193,
    193,
    193,
    193,
    193,
    193,
    193,
    193,
    193,
    193,
    195,
    195,
    195,
    195,
    195,
    195,
    195,
    195,
    197,
    197,
    197,
    200,
    200,
    200,
    200,
    200,
    200,
    202,
    202,
    202,
    202,
    202,
    202,
    202,
    202,
    202,
    202,
    266,
    266,
    266,
    266,
    266,
    266,
    266,
    266,
    303,
    303,
    303,
    303,
    303,
    303,
    303,
    326,
    326,
    326,
    326,
    326,
    326,
    326,
    326,
    326,
    326,
    329,
    329,
    329,
    329,
    329,
    329,
    330,
    330,
    330,
    330,
    330,
    330,
    330,
    330,
    800,
    800,
    815,
    815,
    815,
    815,
    815,
    815,
    820,
    820,
    820,
    820,
    820,
    925,
    925,
    926,
    926,
    926,
    936,
    936,
    936,
    936,
    936,
    936,
    936,
    1172,
    1172,
    1172,
    1172,
    1172,
    1172,
    1172,
    1172,
    1172,
    1172,
    1172,
    1172,
    1172,
    1172,
    1172,
    1172,
    1172,
    1173,
    1173,
    1173,
    1174,
    1176,
    1176,
    1176,
    1179,
    1180,
    1180,
    1182,
    1183,
    1183,
    1183,
    1183,
    1183,
    1183,
    1183,
    1183,
    1183,
    1183,
    1183,
    1183,
    1183,
    1183,
    1183,
    1187,
    1187,
    1187,
    1187,
    1187,
    1198,
    2183,
    2329,
    2330,
    2926,
    2936,
    3792,
    4172,
    4183,
    4186,
    4192,
    5172,
    5183,
    5800,
    6197
   ],
   "AverageLatency": 748.4818181818182,
   "MedianLatency": 326,
   "Throughput": 5.5,
   "ThroughputSeconds": [
    0,
    0,
    0,
    0,
    0,
    13,
    11,
    6,
    6,
    14,
    10,
    4,
    8,
    15,
    7,
    9,
    6,
    13,
    10,
    10,
    5,
    10,
    6,
    11,
    8,
    4,
    17,
    3,
    13,
    0,
    1,
    0,
    0,
    0,
    0,
    0,
    0,
    0,
    0,
    0
   ],
   "Success": 220,
   "Fail": 30
  }
 ],
 "MinLatency": 158,
 "AverageLatency": 751.4060253699788,
 "MaxLatency": 9965,
 "MedianLatency": 751.4060253699788,
 "AllTxLatencies": [
  329,
  1177,
  202,
  1171,
  174,
  173,
  926,
  1172,
  329,
  1171,
  192,
  325,
  202,
  198,
  184,
  1171,
  925,
  192,
  202,
  816,
  180,
  925,
  3820,
  304,
  815,
  180,
  329,
  329,
  1173,
  173,
  3172,
  1180,
  1171,
  815,
  192,
  329,
  1180,
  173,
  329,
  186,
  1182,
  192,
  801,
  329,
  266,
  173,
  186,
  936,
  266,
  173,
  196,
  800,
  329,
  196,
  266,
  1173,
  304,
  329,
  202,
  304,
  192,
  1172,
  820,
  1184,
  178,
  1173,
  801,
  202,
  158,
  1171,
  2816,
  191,
  174,
  304,
  266,
  1180,
  176,
  202,
  1173,
  192,
  304,
  198,
  174,
  1186,
  176,
  178,
  1173,
  819,
  1177,
  190,
  178,
  198,
  1172,
  173,
  186,
  158,
  158,
  1176,
  1183,
  820,
  202,
  198,
  1186,
  192,
  925,
  173,
  9965,
  1177,
  304,
  816,
  1196,
  178,
  196,
  192,
  173,
  1172,
  1180,
  1176,
  819,
  182,
  1183,
  329,
  186,
  926,
  266,
  329,
  158,
  329,
  1180,
  158,
  173,
  192,
  1172,
  266,
  266,
  1177,
  178,
  1171,
  180,
  936,
  183,
  1176,
  820,
  181,
  1179,
  329,
  182,
  2158,
  1182,
  182,
  192,
  192,
  800,
  329,
  202,
  184,
  936,
  936,
  2172,
  819,
  1173,
  192,
  820,
  180,
  925,
  813,
  304,
  192,
  180,
  192,
  196,
  266,
  1183,
  2304,
  1183,
  178,
  1172,
  329,
  1176,
  198,
  5883,
  2191,
  1177,
  202,
  304,
  158,
  1180,
  801,
  936,
  202,
  304,
  5326,
  1173,
  186,
  1180,
  266,
  1172,
  1182,
  1180,
  1173,
  196,
  925,
  325,
  1177,
  180,
  1176,
  1183,
  925,
  1186,
  325,
  329,
  1176,
  4186,
  1186,
  192,
  326,
  191,
  800,
  197,
  193,
  176,
  183,
  202,
  172,
  303,
  815,
  200,
  181,
  176,
  195,
  1187,
  4172,
  202,
  193,
  1183,
  173,
  202,
  4183,
  193,
  326,
  1176,
  193,
  815,
  326,
  195,
  1187,
  183,
  820,
  202,
  195,
  3792,
  1183,
  1180,
  183,
  193,
  1198,
  266,
  1172,
  330,
  1172,
  1172,
  1183,
  193,
  326,
  181,
  176,
  173,
  815,
  1172,
  172,
  1173,
  192,
  176,
  1182,
  925,
  4186,
  202,
  1172,
  1172,
  193,
  193,
  330,
  187,
  195,
  202,
  160,
  173,
  191,
  330,
  183,
  326,
  1172,
  200,
  330,
  303,
  266,
  179,
  936,
  1173,
  1172,
  193,
  1183,
  800,
  329,
  820,
  1183,
  936,
  193,
  2183,
  820,
  202,
  1180,
  266,
  179,
  5183,
  266,
  183,
  326,
  303,
  815,
  820,
  936,
  195,
  160,
  197,
  183,
  193,
  192,
  183,
  303,
  2936,
  936,
  925,
  181,
  1179,
  179,
  202,
  815,
  193,
  193,
  193,
  1172,
  1183,
  185,
  1172,
  326,
  160,
  329,
  1183,
  1183,
  266,
  1172,
  1187,
  1173,
  202,
  173,
  926,
  266,
  1172,
  176,
  266,
  2329,
  936,
  326,
  191,
  176,
  1174,
  179,
  200,
  193,
  1183,
  202,
  200,
  200,
  330,
  5800,
  183,
  330,
  815,
  192,
  1183,
  326,
  179,
  193,
  6197,
  181,
  1187,
  926,
  1187,
  329,
  303,
  936,
  195,
  186,
  303,
  330,
  195,
  1176,
  176,
  1183,
  200,
  193,
  195,
  1183,
  176,
  2926,
  329,
  183,
  1172,
  303,
  2330,
  330,
  926,
  176,
  185,
  329,
  1183,
  1172,
  183,
  183,
  326,
  266,
  329,
  1172,
  1183,
  172,
  1172,
  4192,
  820,
  1172,
  936,
  1176,
  1183,
  5172,
  197
 ],
 "TotalThroughputOverTime": [
  0,
  0,
  0,
  0,
  0,
  20,
  19,
  18,
  15,
  26,
  20,
  9,
  16,
  30,
  10,
  24,
  11,
  21,
  16,
  19,
  11,
  23,
  15,
  19,
  17,
  4,
  33,
  10,
  26,
  0,
  1,
  0,
  0,
  1,
  0,
  0,
  0,
  1,
  0,
  0
 ],
 "AverageThroughputSecondaries": [
  5.375,
  5.5
 ],
 "TotalThrouhgputPerSecondaryPerWindow": [
  [
   0,
   0,
   0,
   0,
   0,
   7,
   8,
   12,
   9,
   12,
   10,
   5,
   8,
   15,
   3,
   15,
   5,
   8,
   6,
   9,
   6,
   13,
   9,
   8,
   9,
   0,
   16,
   7,
   13,
   0,
   0,
   0,
   0,
   1,
   0,
   0,
   0,
   1,
   0,
   0
  ],
  [
   0,
   0,
   0,
   0,
   0,
   13,
   11,
   6,
   6,
   14,
   10,
   4,
   8,
   15,
   7,
   9,
   6,
   13,
   10,
   10,
   5,
   10,
   6,
   11,
   8,
   4,
   17,
   3,
   13,
   0,
   1,
   0,
   0,
   0,
   0,
   0,
   0,
   0,
   0,
   0
  ]
 ],
 "MaximumThroughput": 33,
 "MinimumThroughput": 0,
 "AverageThroughput": 10.875,
 "TotalSuccess": 435,
 "TotalFails": 65
}