{
 "RawResults": [
  [
   {
    "TxLatencies": [
     172,
     2215,
     183,
     1208,
     1193,
     1175,
     1166,
     185,
     213,
     355,
     1167,
     1167,
     165,
     1172,
     1144,
     216,
     330,
     330,
     208,
     165,
     1173,
     1175,
     3177,
     185,
     169,
     320,
     320,
     184,
     208,
     165,
     1181,
     299,
     331,
     1174,
     2299,
     3174,
     169,
     162,
     348,
     329,
     165,
     216,
     183,
     5334,
     1193,
     1145,
     1166,
     1175,
     169,
     331,
     1162,
     348,
     185,
     327,
     175,
     1164,
     217,
     210,
     327,
     1170,
     175,
     318,
     1174,
     216,
     332,
     329,
     332,
     355,
     332,
     332,
     208,
     299,
     1175,
     170,
     183,
     166,
     176,
     2330,
     1162,
     330,
     1145,
     183,
     355,
     1175,
     181,
     299,
     183,
     334,
     183,
     5334,
     5166,
     329,
     327,
     332,
     1165,
     1145,
     193,
     1145,
     348,
     1181,
     1174,
     332,
     167,
     216,
     320,
     1177,
     6175,
     3167,
     169,
     320,
     1165,
     1164,
     172,
     181,
     299,
     216,
     217,
     320,
     170,
     167,
     1174,
     169,
     183,
     1162,
     327,
     2175,
     332,
     1193,
     215,
     172,
     1169,
     3162,
     210,
     170,
     165,
     327,
     217,
     175,
     318,
     299,
     2183,
     327,
     6419,
     193,
     1175,
     5181,
     1162,
     355,
     1181,
     172,
     1193,
     348,
     184,
     330,
     144,
     215,
     318,
     1181,
     347,
     330,
     355,
     1169,
     1162,
     329,
     1165,
     181,
     299,
     299,
     348,
     320,
     332,
     177,
     318,
     3173,
     1170,
     217,
     1165,
     172,
     7297,
     318,
     217,
     1167,
     318,
     216,
     169,
     1167,
     1177,
     175,
     172,
     334,
     162,
     208,
     181,
     1173,
     1193,
     299,
     329,
     355,
     2174,
     173,
     1145,
     332,
     330,
     208,
     1145,
     213,
     208,
     1217,
     330,
     355,
     175,
     1172,
     348,
     175,
     1177,
     1169,
     1177,
     175,
     327,
     1167,
     348,
     170
    ],
    "AverageLatency": 791.7027027027027,
    "MedianLatency": 0,
    "Throughput": 5.55,
    "ThroughputSeconds": [
     0,
     0,
     0,
     0,
     0,
     11,
     7,
     8,
     8,
     7,
     17,
     9,
     6,
     15,
     4,
     13,
     7,
     8,
     4,
     11,
     3,
     16,
     9,
     7,
     12,
     6,
     12,
     6,
     14,
     0,
     1,
     0,
     1,
     0,
     0,
     0,
     0,
     0,
     0,
     0
    ],
    "Success": 222,
    "Fail": 28
   }
  ],
  [
   {
    "TxLatencies": [
     1213,
     1213,
     194,
     1184,
     170,
     337,
     357,
     333,
     322,
     337,
     227,
     338,
     1174,
     1199,
     1199,
     194,
     322,
     2333,
     1178,
     171,
     341,
     341,
     1199,
     330,
     337,
     1174,
     360,
     330,
     1174,
     330,
     1199,
     1155,
     338,
     1199,
     360,
     199,
     360,
     322,
     322,
     1199,
     360,
     231,
     1184,
     172,
     1182,
     1194,
     337,
     357,
     221,
     322,
     194,
     1155,
     210,
     1199,
     1199,
     213,
     338,
     210,
     6360,
     333,
     333,
     3155,
     1155,
     330,
     5338,
     227,
     1184,
     1178,
     213,
     1184,
     357,
     341,
     6356,
     186,
     3184,
     227,
     1194,
     1169,
     337,
     1194,
     199,
     5189,
     338,
     349,
     333,
     1178,
     1200,
     171,
     333,
     330,
     337,
     341,
     1178,
     1194,
     1155,
     172,
     174,
     221,
     199,
     2199,
     213,
     2323,
     199,
     322,
     330,
     338,
     199,
     176,
     194,
     322,
     338,
     338,
     1176,
     194,
     357,
     1174,
     210,
     179,
     213,
     231,
     173,
     1182,
     199,
     199,
     360,
     1155,
     349,
     349,
     1178,
     1199,
     338,
     1178,
     1194,
     330,
     322,
     189,
     322,
     194,
     1184,
     1177,
     171,
     1169,
     1178,
     330,
     1184,
     199,
     341,
     330,
     182,
     182,
     349,
     1184,
     210,
     1194,
     1199,
     1169,
     1188,
     338,
     1172,
     227,
     189,
     322,
     231,
     199,
     186,
     338,
     199,
     341,
     338,
     221,
     210,
     1177,
     227,
     1182,
     1182,
     182,
     182,
     1213,
     330,
     227,
     341,
     170,
     338,
     221,
     1169,
     357,
     10080,
     182,
     1171,
     171,
     172,
     322,
     338,
     199,
     1169,
     333,
     2227,
     1188,
     333,
     322,
     2322,
     186,
     322,
     1178,
     1171,
     213,
     213,
     231,
     1174,
     1174,
     1184,
     360,
     182,
     182
    ],
    "AverageLatency": 766.5,
    "MedianLatency": 0,
    "Throughput": 5.35,
    "ThroughputSeconds": [
     0,
     0,
     0,
     0,
     0,
     9,
     12,
     9,
     6,
     8,
     16,
     4,
     7,
     14,
     7,
     10,
     3,
     14,
     7,
     13,
     3,
     12,
     8,
     5,
     11,
     4,
     15,
     5,
     11,
     0,
     0,
     0,
     0,
     0,
     0,
     0,
     0,
     1,
     0,
     0
    ],
    "Success": 214,
    "Fail": 36
   }
  ]
 ],
 "SecondaryResults": [
  {
   "TxLatencies": [
    144,
    162,
    162,
    165,
    165,
    165,
    165,
    165,
    166,
    167,
    167,
    169,
    169,
    169,
    169,
    169,
    169,
    170,
    170,
    170,
    170,
    172,
    172,
    172,
    172,
    172,
    172,
    173,
    175,
    175,
    175,
    175,
    175,
    175,
    175,
    176,
    177,
    181,
    181,
    181,
    181,
    183,
    183,
    183,
    183,
    183,
    183,
    183,
    184,
    184,
    185,
    185,
    185,
    193,
    193,
    208,
    208,
    208,
    208,
    208,
    208,
    210,
    210,
    213,
    213,
    215,
    215,
    216,
    216,
    216,
    216,
    216,
    216,
    217,
    217,
    217,
    217,
    217,
    299,
    299,
    299,
    299,
    299,
    299,
    299,
    299,
    318,
    318,
    318,
    318,
    318,
    318,
    320,
    320,
    320,
    320,
    320,
    320,
    327,
    327,
    327,
    327,
    327,
    327,
    327,
    329,
    329,
    329,
    329,
    329,
    330,
    330,
    330,
    330,
    330,
    330,
    330,
    331,
    331,
    332,
    332,
    332,
    332,
    332,
    332,
    332,
    332,
    332,
    334,
    334,
    347,
    348,
    348,
    348,
    348,
    348,
    348,
    348,
    355,
    355,
    355,
    355,
    355,
    355,
    355,
    1144,
    1145,
    1145,
    1145,
    1145,
    1145,
    1145,
    1162,
    1162,
    1162,
    1162,
    1162,
    1164,
    1164,
    1165,
    1165,
    1165,
    1165,
    1166,
    1166,
    1167,
    1167,
    1167,
    1167,
    1167,
    1169,
    1169,
    1169,
    1170,
    1170,
    1172,
    1172,
    1173,
    1173,
    1174,
    1174,
    1174,
    1174,
    1175,
    1175,
    1175,
    1175,
    1175,
    1175,
    1177,
    1177,
    1177,
    1177,
    1181,
    1181,
    1181,
    1181,
    1193,
    1193,
    1193,
    1193,
    1193,
    1208,
    1217,
    2174,
    2175,
    2183,
    2215,
    2299,
    2330,
    3162,
    3167,
    3173,
    3174,
    3177,
    5166,
    5181,
    5334,
    5334,
    6175,
    6419,
    7297
   ],
   "AverageLatency": 791.7027027027027,
   "MedianLatency": 330,
   "Throughput": 5.55,
   "ThroughputSeconds": [
    0,
    0,
    0,
    0,
    0,
    11,
    7,
    8,
    8,
    7,
    17,
    9,
    6,
    15,
    4,
    13,
    7,
    8,
    4,
    11,
    3,
    16,
    9,
    7,
    12,
    6,
    12,
    6,
    14,
    0,
    1,
    0,
    1,
    0,
    0,
    0,
    0,
    0,
    0,
    0
   ],
   "Success": 222,
   "Fail": 28
  },
  {
   "TxLatencies": [
    170,
    170,
    171,
    171,
    171,
    171,
    172,
    172,
    172,
    173,
    174,
    176,
    179,
    182,
    182,
    182,
    182,
    182,
    182,
    182,
    186,
    186,
    186,
    189,
    189,
    194,
    194,
    194,
    194,
    194,
    194,
    199,
    199,
    199,
    199,
    199,
    199,
    199,
    199,
    199,
    199,
    199,
    210,
    210,
    210,
    210,
    210,
    213,
    213,
    213,
    213,
    213,
    213,
    221,
    221,
    221,
    221,
    227,
    227,
    227,
    227,
    227,
    227,
    231,
    231,
    231,
    231,
    322,
    322,
    322,
    322,
    322,
    322,
    322,
    322,
    322,
    322,
    322,
    322,
    322,
    330,
    330,
    330,
    330,
    330,
    330,
    330,
    330,
    330,
    330,
    333,
    333,
    333,
    333,
    333,
    333,
    333,
    337,
    337,
    337,
    337,
    337,
    337,
    338,
    338,
    338,
    338,
    338,
    338,
    338,
    338,
    338,
    338,
    338,
    338,
    338,
    341,
    341,
    341,
    341,
    341,
    341,
    341,
    349,
    349,
    349,
    349,
    357,
    357,
    357,
    357,
    357,
    360,
    360,
    360,
    360,
    360,
    360,
    1155,
    1155,
    1155,
    1155,
    1155,
    1169,
    1169,
    1169,
    1169,
    1169,
    1171,
    1171,
    1172,
    1174,
    1174,
    1174,
    1174,
    1174,
    1174,
    1176,
    1177,
    1177,
    1178,
    1178,
    1178,
    1178,
    1178,
    1178,
    1178,
    1178,
    1182,
    1182,
    1182,
    1182,
    1184,
    1184,
    1184,
    1184,
    1184,
    1184,
    1184,
    1184,
    1188,
    1188,
    1194,
    1194,
    1194,
    1194,
    1194,
    1194,
    1199,
    1199,
    1199,
    1199,
    1199,
    1199,
    1199,
    1199,
    1199,
    1199,
    1200,
    1213,
    1213,
    1213,
    2199,
    2227,
    2322,
    2323,
    2333,
    3155,
    3184,
    5189,
    5338,
    6356,
    6360,
    10080
   ],
   "AverageLatency": 766.5,
   "MedianLatency": 338,
   "Throughput": 5.35,
   "ThroughputSeconds": [
    0,
    0,
    0,
    0,
    0,
    9,
    12,
    9,
    6,
    8,
    16,
    4,
    7,
    14,
    7,
    10,
    3,
    14,
    7,
    13,
    3,
    12,
    8,
    5,
    11,
    4,
    15,
    5,
    11,
    0,
    0,
    0,
    0,
    0,
    0,
    0,
    0,
    1,
    0,
    0
   ],
   "Success": 214,
   "Fail": 36
  }
 ],
 "MinLatency": 144,
 "AverageLatency": 779.1013513513514,
 "MaxLatency": 10080,
 "MedianLatency": 779.1013513513514,
 "AllTxLatencies": [
  172,
  2215,
  183,
  1208,
  1193,
  1175,
  1166,
  185,
  213,
  355,
  1167,
  1167,
  165,
  1172,
  1144,
  216,
  330,
  330,
  208,
  165,
  1173,
  1175,
  3177,
  185,
  169,
  320,
  320,
  184,
  208,
  165,
  1181,
  299,
  331,
  1174,
  2299,
  3174,
  169,
  162,
  348,
  329,
  165,
  216,
  183,
  5334,
  1193,
  1145,
  1166,
  1175,
  169,
  331,
  1162,
  348,
  185,
  327,
  175,
  1164,
  217,
  210,
  327,
  1170,
  175,
  318,
  1174,
  216,
  332,
  329,
  332,
  355,
  332,
  332,
  208,
  299,
  1175,
  170,
  183,
  166,
  176,
  2330,
  1162,
  330,
  1145,
  183,
  355,
  1175,
  181,
  299,
  183,
  334,
  183,
  5334,
  5166,
  329,
  327,
  332,
  1165,
  1145,
  193,
  1145,
  348,
  1181,
  1174,
  332,
  167,
  216,
  320,
  1177,
  6175,
  3167,
  169,
  320,
  1165,
  1164,
  172,
  181,
  299,
  216,
  217,
  320,
  170,
  167,
  1174,
  169,
  183,
  1162,
  327,
  2175,
  332,
  1193,
  215,
  172,
  1169,
  3162,
  210,
  170,
  165,
  327,
  217,
  175,
  318,
  299,
  2183,
  327,
  6419,
  193,
  1175,
  5181,
  1162,
  355,
  1181,
  172,
  1193,
  348,
  184,
  330,
  144,
  215,
  318,
  1181,
  347,
  330,
  355,
  1169,
  1162,
  329,
  1165,
  181,
  299,
  299,
  348,
  320,
  332,
  177,
  318,
  3173,
  1170,
  217,
  1165,
  172,
  7297,
  318,
  217,
  1167,
  318,
  216,
  169,
  1167,
  1177,
  175,
  172,
  334,
  162,
  208,
  181,
  1173,
  1193,
  299,
  329,
  355,
  2174,
  173,
  1145,
  332,
  330,
  208,
  1145,
  213,
  208,
  1217,
  330,
  355,
  175,
  1172,
  348,
  175,
  1177,
  1169,
  1177,
  175,
  327,
  1167,
  348,
  170,
  1213,
  1213,
  194,
  1184,
  170,
  337,
  357,
  333,
  322,
  337,
  227,
  338,
  1174,
  1199,
  1199,
  194,
  322,
  2333,
  1178,
  171,
  341,
  341,
  1199,
  330,
  337,
  1174,
  360,
  330,
  1174,
  330,
  1199,
  1155,
  338,
  1199,
  360,
  199,
  360,
  322,
  322,
  1199,
  360,
  231,
  1184,
  172,
  1182,
  1194,
  337,
  357,
  221,
  322,
  194,
  1155,
  210,
  1199,
  1199,
  213,
  338,
  210,
  6360,
  333,
  333,
  3155,
  1155,
  330,
  5338,
  227,
  1184,
  1178,
  213,
  1184,
  357,
  341,
  6356,
  186,
  3184,
  227,
  1194,
  1169,
  337,
  1194,
  199,
  5189,
  338,
  349,
  333,
  1178,
  1200,
  171,
  333,
  330,
  337,
  341,
  1178,
  1194,
  1155,
  172,
  174,
  221,
  199,
  2199,
  213,
  2323,
  199,
  322,
  330,
  338,
  199,
  176,
  194,
  322,
  338,
  338,
  1176,
  194,
  357,
  1174,
  210,
  179,
  213,
  231,
  173,
  1182,
  199,
  199,
  360,
  1155,
  349,
  349,
  1178,
  1199,
  338,
  1178,
  1194,
  330,
  322,
  189,
  322,
  194,
  1184,
  1177,
  171,
  1169,
  1178,
  330,
  1184,
  199,
  341,
  330,
  182,
  182,
  349,
  1184,
  210,
  1194,
  1199,
  1169,
  1188,
  338,
  1172,
  227,
  189,
  322,
  231,
  199,
  186,
  338,
  199,
  341,
  338,
  221,
  210,
  1177,
  227,
  1182,
  1182,
  182,
  182,
  1213,
  330,
  227,
  341,
  170,
  338,
  221,
  1169,
  357,
  10080,
  182,
  1171,
  171,
  172,
  322,
  338,
  199,
  1169,
  333,
  2227,
  1188,
  333,
  322,
  2322,
  186,
  322,
  1178,
  1171,
  213,
  213,
  231,
  1174,
  1174,
  1184,
  360,
  182,
  182
 ],
 "TotalThroughputOverTime": [
  0,
  0,
  0,
  0,
  0,
  20,
  19,
  17,
  14,
  15,
  33,
  13,
  13,
  29,
  11,
  23,
  10,
  22,
  11,
  24,
  6,
  28,
  17,
  12,
  23,
  10,
  27,
  11,
  25,
  0,
  1,
  0,
  1,
  0,
  0,
  0,
  0,
  1,
  0,
  0
 ],
 "AverageThroughputSecondaries": [
  5.55,
  5.35
 ],
 "TotalThrouhgputPerSecondaryPerWindow": [
  [
   0,
   0,
   0,
   0,
   0,
   11,
   7,
   8,
   8,
   7,
   17,
   9,
   6,
   15,
   4,
   13,
   7,
   8,
   4,
   11,
   3,
   16,
   9,
   7,
   12,
   6,
   12,
   6,
   14,
   0,
   1,
   0,
   1,
   0,
   0,
   0,
   0,
   0,
   0,
   0
  ],
  [
   0,
   0,
   0,
   0,
   0,
   9,
   12,
   9,
   6,
   8,
   16,
   4,
   7,
   14,
   7,
   10,
   3,
   14,
   7,
   13,
   3,
   12,
   8,
   5,
   11,
   4,
   15,
   5,
   11,
   0,
   0,
   0,
   0,
   0,
   0,
   0,
   0,
   1,
   0,
   0
  ]
 ],
 "MaximumThroughput": 33,
 "MinimumThroughput": 0,
 "AverageThroughput": 10.899999999999999,
 "TotalSuccess": 436,
 "TotalFails": 64
}