{
 "RawResults": [
  [
   {
    "TxLatencies": [
     192,
     3194,
     197,
     5377,
     217,
     1175,
     221,
     1202,
     196,
     369,
     188,
     220,
     197,
     202,
     196,
     342,
     197,
     1202,
     944,
     188,
     221,
     197,
     812,
     377,
     1182,
     141,
     944,
     213,
     196,
     187,
     830,
     197,
     517,
     1192,
     1192,
     202,
     6183,
     812,
     197,
     202,
     838,
     196,
     342,
     197,
     221,
     1192,
     192,
     354,
     202,
     369,
     354,
     517,
     1189,
     168,
     1202,
     197,
     517,
     217,
     180,
     1193,
     217,
     838,
     224,
     180,
     517,
     517,
     2342,
     197,
     197,
     213,
     2517,
     202,
     1193,
     830,
     178,
     213,
     342,
     377,
     202,
     217,
     187,
     187,
     197,
     188,
     217,
     377,
     354,
     141,
     192,
     217,
     181,
     188,
     1192,
     1202,
     217,
     188,
     5197,
     830,
     354,
     183,
     517,
     830,
     944,
     1189,
     1168,
     342,
     342,
     221,
     202,
     838,
     342,
     354,
     188,
     812,
     377,
     175,
     192,
     192,
     197,
     180,
     944,
     221,
     196,
     197,
     213,
     224,
     189,
     196,
     1175,
     1192,
     1189,
     193,
     217,
     838,
     224,
     5354,
     1192,
     1168,
     830,
     216,
     188,
     187,
     369,
     1192,
     838,
     830,
     216,
     183,
     193,
     187,
     1182,
     187,
     342,
     944,
     216,
     1189,
     1193,
     193,
     196,
     5812,
     216,
     377,
     202,
     180,
     377,
     202,
     369,
     1192,
     1217,
     192,
     6187,
     224,
     369,
     187,
     1177,
     216,
     175,
     187,
     3228,
     224,
     377,
     202,
     202,
     1192,
     192,
     830,
     944,
     192,
     196,
     830,
     1189,
     1181,
     224,
     188,
     517,
     189,
     838,
     216,
     354,
     1182,
     196,
     168,
     213,
     517,
     221,
     221,
     189,
     216,
     375,
     213
    ],
    "AverageLatency": 656.2761904761904,
    "MedianLatency": 0,
    "Throughput": 5.526315789473684,
    "ThroughputSeconds": [
     0,
     0,
     0,
     0,
     0,
     9,
     9,
     8,
     8,
     13,
     9,
     9,
     8,
     12,
     6,
     10,
     6,
     8,
     8,
     7,
     7,
     11,
     6,
     11,
     6,
     11,
     9,
     11,
     8,
     0,
     0,
     0,
     0,
     0,
     0,
     0,
     0,
     0
    ],
    "Success": 210,
    "Fail": 40
   }
  ],
  [
   {
    "TxLatencies": [
     192,
     341,
     812,
     1202,
     3830,
     204,
     2221,
     518,
     2195,
     943,
     181,
     181,
     1177,
     1141,
     517,
     224,
     177,
     197,
     1168,
     1177,
     182,
     1202,
     1184,
     341,
     201,
     229,
     1191,
     1188,
     371,
     1191,
     1191,
     830,
     224,
     943,
     229,
     1191,
     838,
     201,
     216,
     372,
     190,
     341,
     201,
     943,
     838,
     518,
     1191,
     197,
     518,
     1191,
     4177,
     201,
     378,
     5191,
     1190,
     1168,
     341,
     1141,
     216,
     178,
     1192,
     197,
     204,
     372,
     1191,
     1190,
     838,
     177,
     195,
     224,
     378,
     353,
     1182,
     2213,
     192,
     195,
     812,
     371,
     2213,
     1190,
     341,
     830,
     201,
     216,
     1141,
     2213,
     1184,
     201,
     1190,
     812,
     177,
     1834,
     224,
     1191,
     1192,
     1192,
     197,
     182,
     1168,
     1177,
     204,
     1182,
     141,
     2213,
     181,
     830,
     1141,
     192,
     1184,
     1181,
     216,
     221,
     197,
     177,
     4802,
     186,
     216,
     213,
     190,
     200,
     2204,
     204,
     197,
     1192,
     2181,
     181,
     812,
     177,
     371,
     4168,
     1184,
     341,
     204,
     181,
     177,
     518,
     177,
     202,
     197,
     218,
     1181,
     812,
     1192,
     341,
     213,
     216,
     341,
     943,
     216,
     353,
     7872,
     1202,
     4219,
     943,
     1202,
     943,
     213,
     1181,
     191,
     224,
     1230,
     1168,
     812,
     943,
     378,
     141,
     2213,
     1181,
     216,
     1141,
     202,
     218,
     213,
     372,
     221,
     838,
     1190,
     186,
     518,
     1191,
     1184,
     943,
     1141,
     191,
     197,
     1181,
     4181,
     2213,
     1177,
     3141,
     202,
     838,
     1230,
     1943,
     216,
     1192,
     1190,
     838,
     1184,
     197,
     197,
     1168,
     1191,
     1184,
     830,
     830,
     812,
     1188,
     1181,
     177,
     371,
     371,
     221,
     193,
     341,
     3371,
     191,
     1141,
     192,
     186,
     1168,
     1168,
     195,
     224,
     201
    ],
    "AverageLatency": 870.0355555555556,
    "MedianLatency": 0,
    "Throughput": 5.921052631578948,
    "ThroughputSeconds": [
     0,
     0,
     0,
     0,
     0,
     11,
     8,
     9,
     11,
     12,
     10,
     3,
     7,
     17,
     4,
     14,
     6,
     12,
     7,
     13,
     9,
     7,
     5,
     12,
     6,
     13,
     2,
     16,
     4,
     0,
     5,
     0,
     1,
     0,
     0,
     1,
     0,
     0
    ],
    "Success": 225,
    "Fail": 25
   }
  ]
 ],
 "SecondaryResults": [
  {
   "TxLatencies": [
    141,
    141,
    168,
    168,
    175,
    175,
    178,
    180,
    180,
    180,
    180,
    181,
    183,
    183,
    187,
    187,
    187,
    187,
    187,
    187,
    187,
    187,
    188,
    188,
    188,
    188,
    188,
    188,
    188,
    188,
    189,
    189,
    189,
    192,
    192,
    192,
    192,
    192,
    192,
    192,
    192,
    193,
    193,
    193,
    196,
    196,
    196,
    196,
    196,
    196,
    196,
    196,
    196,
    197,
    197,
    197,
    197,
    197,
    197,
    197,
    197,
    197,
    197,
    197,
    197,
    197,
    202,
    202,
    202,
    202,
    202,
    202,
    202,
    202,
    202,
    202,
    202,
    213,
    213,
    213,
    213,
    213,
    213,
    216,
    216,
    216,
    216,
    216,
    216,
    216,
    217,
    217,
    217,
    217,
    217,
    217,
    217,
    217,
    220,
    221,
    221,
    221,
    221,
    221,
    221,
    221,
    224,
    224,
    224,
    224,
    224,
    224,
    342,
    342,
    342,
    342,
    342,
    342,
    342,
    354,
    354,
    354,
    354,
    354,
    354,
    369,
    369,
    369,
    369,
    369,
    375,
    377,
    377,
    377,
    377,
    377,
    377,
    377,
    517,
    517,
    517,
    517,
    517,
    517,
    517,
    517,
    812,
    812,
    812,
    830,
    830,
    830,
    830,
    830,
    830,
    830,
    830,
    838,
    838,
    838,
    838,
    838,
    838,
    944,
    944,
    944,
    944,
    944,
    944,
    1168,
    1168,
    1175,
    1175,
    1177,
    1181,
    1182,
    1182,
    1182,
    1189,
    1189,
    1189,
    1189,
    1189,
    1192,
    1192,
    1192,
    1192,
    1192,
    1192,
    1192,
    1192,
    1192,
    1193,
    1193,
    1193,
    1202,
    1202,
    1202,
    1202,
    1217,
    2342,
    2517,
    3194,
    3228,
    5197,
    5354,
    5377,
    5812,
    6183,
    6187
   ],
   "AverageLatency": 656.2761904761904,
   "MedianLatency": 221,
   "Throughput": 5.526315789473684,
   "ThroughputSeconds": [
    0,
    0,
    0,
    0,
    0,
    9,
    9,
    8,
    8,
    13,
    9,
    9,
    8,
    12,
    6,
    10,
    6,
    8,
    8,
    7,
    7,
    11,
    6,
    11,
    6,
    11,
    9,
    11,
    8,
    0,
    0,
    0,
    0,
    0,
    0,
    0,
    0,
    0
   ],
   "Success": 210,
   "Fail": 40
  },
  {
   "TxLatencies": [
    141,
    141,
    177,
    177,
    177,
    177,
    177,
    177,
    177,
    177,
    178,
    181,
    181,
    181,
    181,
    181,
    182,
    182,
    186,
    186,
    186,
    190,
    190,
    191,
    191,
    191,
    192,
    192,
    192,
    192,
    193,
    195,
    195,
    195,
    197,
    197,
    197,
    197,
    197,
    197,
    197,
    197,
    197,
    197,
    200,
    201,
    201,
    201,
    201,
    201,
    201,
    201,
    202,
    202,
    202,
    204,
    204,
    204,
    204,
    204,
    213,
    213,
    213,
    213,
    216,
    216,
    216,
    216,
    216,
    216,
    216,
    216,
    216,
    218,
    218,
    221,
    221,
    221,
    224,
    224,
    224,
    224,
    224,
    224,
    229,
    229,
    341,
    341,
    341,
    341,
    341,
    341,
    341,
    341,
    341,
    353,
    353,
    371,
    371,
    371,
    371,
    371,
    372,
    372,
    372,
    378,
    378,
    378,
    517,
    518,
    518,
    518,
    518,
    518,
    812,
    812,
    812,
    812,
    812,
    812,
    812,
    830,
    830,
    830,
    830,
    830,
    838,
    838,
    838,
    838,
    838,
    838,
    943,
    943,
    943,
    943,
    943,
    943,
    943,
    943,
    1141,
    1141,
    1141,
    1141,
    1141,
    1141,
    1141,
    1168,
    1168,
    1168,
    1168,
    1168,
    1168,
    1168,
    1177,
    1177,
    1177,
    1177,
    1181,
    1181,
    1181,
    1181,
    1181,
    1181,
    1182,
    1182,
    1184,
    1184,
    1184,
    1184,
    1184,
    1184,
    1184,
    1188,
    1188,
    1190,
    1190,
    1190,
    1190,
    1190,
    1190,
    1191,
    1191,
    1191,
    1191,
    1191,
    1191,
    1191,
    1191,
    1191,
    1191,
    1192,
    1192,
    1192,
    1192,
    1192,
    1192,
    1202,
    1202,
    1202,
    1202,
    1230,
    1230,
    1834,
    1943,
    2181,
    2195,
    2204,
    2213,
    2213,
    2213,
    2213,
    2213,
    2213,
    2221,
    3141,
    3371,
    3830,
    4168,
    4177,
    4181,
    4219,
    4802,
    5191,
    7872
   ],
   "AverageLatency": 870.0355555555556,
   "MedianLatency": 518,
   "Throughput": 5.921052631578948,
   "ThroughputSeconds": [
    0,
    0,
    0,
    0,
    0,
    11,
    8,
    9,
    11,
    12,
    10,
    3,
    7,
    17,
    4,
    14,
    6,
    12,
    7,
    13,
    9,
    7,
    5,
    12,
    6,
    13,
    2,
    16,
    4,
    0,
    5,
    0,
    1,
    0,
    0,
    1,
    0,
    0
   ],
   "Success": 225,
   "Fail": 25
  }
 ],
 "MinLatency": 141,
 "AverageLatency": 763.155873015873,
 "MaxLatency": 7872,
 "MedianLatency": 763.155873015873,
 "AllTxLatencies": [
  192,
  3194,
  197,
  5377,
  217,
  1175,
  221,
  1202,
  196,
  369,
  188,
  220,
  197,
  202,
  196,
  342,
  197,
  1202,
  944,
  188,
  221,
  197,
  812,
  377,
  1182,
  141,
  944,
  213,
  196,
  187,
  830,
  197,
  517,
  1192,
  1192,
  202,
  6183,
  812,
  197,
  202,
  838,
  196,
  342,
  197,
  221,
  1192,
  192,
  354,
  202,
  369,
  354,
  517,
  1189,
  168,
  1202,
  197,
  517,
  217,
  180,
  1193,
  217,
  838,
  224,
  180,
  517,
  517,
  2342,
  197,
  197,
  213,
  2517,
  202,
  1193,
  830,
  178,
  213,
  342,
  377,
  202,
  217,
  187,
  187,
  197,
  188,
  217,
  377,
  354,
  141,
  192,
  217,
  181,
  188,
  1192,
  1202,
  217,
  188,
  5197,
  830,
  354,
  183,
  517,
  830,
  944,
  1189,
  1168,
  342,
  342,
  221,
  202,
  838,
  342,
  354,
  188,
  812,
  377,
  175,
  192,
  192,
  197,
  180,
  944,
  221,
  196,
  197,
  213,
  224,
  189,
  196,
  1175,
  1192,
  1189,
  193,
  217,
  838,
  224,
  5354,
  1192,
  1168,
  830,
  216,
  188,
  187,
  369,
  1192,
  838,
  830,
  216,
  183,
  193,
  187,
  1182,
  187,
  342,
  944,
  216,
  1189,
  1193,
  193,
  196,
  5812,
  216,
  377,
  202,
  180,
  377,
  202,
  369,
  1192,
  1217,
  192,
  6187,
  224,
  369,
  187,
  1177,
  216,
  175,
  187,
  3228,
  224,
  377,
  202,
  202,
  1192,
  192,
  830,
  944,
  192,
  196,
  830,
  1189,
  1181,
  224,
  188,
  517,
  189,
  838,
  216,
  354,
  1182,
  196,
  168,
  213,
  517,
  221,
  221,
  189,
  216,
  375,
  213,
  192,
  341,
  812,
  1202,
  3830,
  204,
  2221,
  518,
  2195,
  943,
  181,
  181,
  1177,
  1141,
  517,
  224,
  177,
  197,
  1168,
  1177,
  182,
  1202,
  1184,
  341,
  201,
  229,
  1191,
  1188,
  371,
  1191,
  1191,
  830,
  224,
  943,
  229,
  1191,
  838,
  201,
  216,
  372,
  190,
  341,
  201,
  943,
  838,
  518,
  1191,
  197,
  518,
  1191,
  4177,
  201,
  378,
  5191,
  1190,
  1168,
  341,
  1141,
  216,
  178,
  1192,
  197,
  204,
  372,
  1191,
  1190,
  838,
  177,
  195,
  224,
  378,
  353,
  1182,
  2213,
  192,
  195,
  812,
  371,
  2213,
  1190,
  341,
  830,
  201,
  216,
  1141,
  2213,
  1184,
  201,
  1190,
  812,
  177,
  1834,
  224,
  1191,
  1192,
  1192,
  197,
  182,
  1168,
  1177,
  204,
  1182,
  141,
  2213,
  181,
  830,
  1141,
  192,
  1184,
  1181,
  216,
  221,
  197,
  177,
  4802,
  186,
  216,
  213,
  190,
  200,
  2204,
  204,
  197,
  1192,
  2181,
  181,
  812,
  177,
  371,
  4168,
  1184,
  341,
  204,
  181,
  177,
  518,
  177,
  202,
  197,
  218,
  1181,
  812,
  1192,
  341,
  213,
  216,
  341,
  943,
  216,
  353,
  7872,
  1202,
  4219,
  943,
  1202,
  943,
  213,
  1181,
  191,
  224,
  1230,
  1168,
  812,
  943,
  378,
  141,
  2213,
  1181,
  216,
  1141,
  202,
  218,
  213,
  372,
  221,
  838,
  1190,
  186,
  518,
  1191,
  1184,
  943,
  1141,
  191,
  197,
  1181,
  4181,
  2213,
  1177,
  3141,
  202,
  838,
  1230,
  1943,
  216,
  1192,
  1190,
  838,
  1184,
  197,
  197,
  1168,
  1191,
  1184,
  830,
  830,
  812,
  1188,
  1181,
  177,
  371,
  371,
  221,
  193,
  341,
  3371,
  191,
  1141,
  192,
  186,
  1168,
  1168,
  195,
  224,
  201
 ],
 "TotalThroughputOverTime": [
  0,
  0,
  0,
  0,
  0,
  20,
  17,
  17,
  19,
  25,
  19,
  12,
  15,
  29,
  10,
  24,
  12,
  20,
  15,
  20,
  16,
  18,
  11,
  23,
  12,
  24,
  11,
  27,
  12,
  0,
  5,
  0,
  1,
  0,
  0,
  1,
  0,
  0
 ],
 "AverageThroughputSecondaries": [
  5.526315789473684,
  5.921052631578948
 ],
 "TotalThrouhgputPerSecondaryPerWindow": [
  [
   0,
   0,
   0,
   0,
   0,
   9,
   9,
   8,
   8,
   13,
   9,
   9,
   8,
   12,
   6,
   10,
   6,
   8,
   8,
   7,
   7,
   11,
   6,
   11,
   6,
   11,
   9,
   11,
   8,
   0,
   0,
   0,
   0,
   0,
   0,
   0,
   0,
   0
  ],
  [
   0,
   0,
   0,
   0,
   0,
   11,
   8,
   9,
   11,
   12,
   10,
   3,
   7,
   17,
   4,
   14,
   6,
   12,
   7,
   13,
   9,
   7,
   5,
   12,
   6,
   13,
   2,
   16,
   4,
   0,
   5,
   0,
   1,
   0,
   0,
   1,
   0,
   0
  ]
 ],
 "MaximumThroughput": 29,
 "MinimumThroughput": 0,
 "AverageThroughput": 11.447368421052632,
 "TotalSuccess": 435,
 "TotalFails": 65
}