{
 "RawResults": [
  [
   {
    "TxLatencies": [
     358,
     1200,
     200,
     374,
     358,
     359,
     359,
     215,
     287,
     284,
     280,
     198,
     220,
     2167,
     198,
     1169,
     211,
     358,
     837,
     200,
     236,
     397,
     374,
     284,
     319,
     1008,
     210,
     7695,
     254,
     211,
     2167,
     359,
     169,
     374,
     254,
     5201,
     5602,
     243,
     2167,
     211,
     211,
     215,
     248,
     280,
     221,
     1169,
     432,
     3045,
     250,
     310,
     1169,
     374,
     359,
     287,
     358,
     2553,
     314,
     359,
     211,
     314,
     201,
     230,
     211,
     2912,
     310,
     5460,
     2167,
     287,
     280,
     248,
     279,
     855,
     284,
     210,
     409,
     220,
     409,
     220,
     358,
     1200,
     211,
     280,
     215,
     374,
     1169,
     397,
     198,
     279,
     210,
     202,
     314,
     254,
     3053,
     210,
     254,
     503,
     280,
     2167,
     374,
     201,
     409,
     837,
     250,
     503,
     503,
     731,
     280,
     2167,
     731,
     280,
     1175,
     250,
     248,
     287,
     220
    ],
    "AverageLatency": 756.6260869565217,
    "MedianLatency": 0,
    "Throughput": 3.026315789473684,
    "ThroughputSeconds": [
     0,
     0,
     0,
     0,
     0,
     0,
     11,
     5,
     3,
     6,
     5,
     4,
     6,
     5,
     3,
     7,
     4,
     5,
     6,
     5,
     3,
     3,
     6,
     3,
     5,
     4,
     3,
     4,
     5,
     2,
     1,
     0,
     0,
     0,
     0,
     1,
     0,
     0
    ],
    "Success": 115,
    "Fail": 135
   }
  ],
  [
   {
    "TxLatencies": [
     359,
     238,
     262,
     425,
     197,
     1160,
     243,
     403,
     347,
     201,
     824,
     1148,
     359,
     2461,
     525,
     1158,
     201,
     2970,
     1197,
     222,
     2924,
     354,
     403,
     387,
     207,
     318,
     354,
     5242,
     1029,
     2347,
     4354,
     306,
     1823,
     3188,
     184,
     2359,
     387,
     204,
     1173,
     347,
     5155,
     201,
     723,
     359,
     244,
     4616,
     187,
     1160,
     184,
     262,
     2158,
     1197,
     387,
     387,
     1029,
     2819,
     5712,
     364,
     4954,
     315,
     231,
     1182,
     4962,
     2910,
     231,
     224,
     952,
     525,
     231,
     707,
     174,
     403,
     970,
     4723,
     387,
     306,
     306,
     199,
     207,
     188,
     262,
     1160,
     5094,
     1158,
     1197,
     197,
     224,
     201,
     282,
     1029,
     364,
     1029,
     197,
     425,
     824,
     723,
     1005,
     1204,
     238,
     238,
     364,
     364,
     347,
     282,
     354,
     242,
     2364,
     188,
     238,
     199,
     970,
     2158,
     865,
     224,
     262,
     2158,
     207,
     2424,
     2158,
     1501,
     191,
     188,
     184,
     364,
     952,
     201,
     243,
     282,
     2853,
     5575,
     364,
     240,
     313,
     1204,
     1197,
     3387
    ],
    "AverageLatency": 1087.3455882352941,
    "MedianLatency": 0,
    "Throughput": 3.5789473684210527,
    "ThroughputSeconds": [
     0,
     0,
     0,
     0,
     0,
     0,
     9,
     7,
     5,
     5,
     8,
     8,
     8,
     5,
     7,
     6,
     5,
     2,
     10,
     4,
     5,
     7,
     3,
     6,
     5,
     5,
     5,
     3,
     6,
     0,
     0,
     1,
     0,
     1,
     0,
     0,
     0,
     0
    ],
    "Success": 136,
    "Fail": 114
   }
  ]
 ],
 "SecondaryResults": [
  {
   "TxLatencies": [
    169,
    198,
    198,
    198,
    200,
    200,
    201,
    201,
    202,
    210,
    210,
    210,
    210,
    211,
    211,
    211,
    211,
    211,
    211,
    211,
    215,
    215,
    215,
    220,
    220,
    220,
    220,
    221,
    230,
    236,
    243,
    248,
    248,
    248,
    250,
    250,
    250,
    254,
    254,
    254,
    254,
    279,
    279,
    280,
    280,
    280,
    280,
    280,
    280,
    280,
    284,
    284,
    284,
    287,
    287,
    287,
    287,
    310,
    310,
    314,
    314,
    314,
    319,
    358,
    358,
    358,
    358,
    358,
    359,
    359,
    359,
    359,
    359,
    374,
    374,
    374,
    374,
    374,
    374,
    397,
    397,
    409,
    409,
    409,
    432,
    503,
    503,
    503,
    731,
    731,
    837,
    837,
    855,
    1008,
    1169,
    1169,
    1169,
    1169,
    1175,
    1200,
    1200,
    2167,
    2167,
    2167,
    2167,
    2167,
    2167,
    2553,
    2912,
    3045,
    3053,
    5201,
    5460,
    5602,
    7695
   ],
   "AverageLatency": 756.6260869565217,
   "MedianLatency": 310,
   "Throughput": 3.026315789473684,
   "ThroughputSeconds": [
    0,
    0,
    0,
    0,
    0,
    0,
    11,
    5,
    3,
    6,
    5,
    4,
    6,
    5,
    3,
    7,
    4,
    5,
    6,
    5,
    3,
    3,
    6,
    3,
    5,
    4,
    3,
    4,
    5,
    2,
    1,
    0,
    0,
    0,
    0,
    1,
    0,
    0
   ],
   "Success": 115,
   "Fail": 135
  },
  {
   "TxLatencies": [
    174,
    184,
    184,
    184,
    187,
    188,
    188,
    188,
    191,
    197,
    197,
    197,
    199,
    199,
    201,
    201,
    201,
    201,
    201,
    204,
    207,
    207,
    207,
    222,
    224,
    224,
    224,
    231,
    231,
    231,
    238,
    238,
    238,
    238,
    240,
    242,
    243,
    243,
    244,
    262,
    262,
    262,
    262,
    282,
    282,
    282,
    306,
    306,
    306,
    313,
    315,
    318,
    347,
    347,
    347,
    354,
    354,
    354,
    359,
    359,
    359,
    364,
    364,
    364,
    364,
    364,
    364,
    387,
    387,
    387,
    387,
    387,
    403,
    403,
    403,
    425,
    425,
    525,
    525,
    707,
    723,
    723,
    824,
    824,
    865,
    952,
    952,
    970,
    970,
    1005,
    1029,
    1029,
    1029,
    1029,
    1148,
    1158,
    1158,
    1160,
    1160,
    1160,
    1173,
    1182,
    1197,
    1197,
    1197,
    1197,
    1204,
    1204,
    1501,
    1823,
    2158,
    2158,
    2158,
    2158,
    2347,
    2359,
    2364,
    2424,
    2461,
    2819,
    2853,
    2910,
    2924,
    2970,
    3188,
    3387,
    4354,
    4616,
    4723,
    4954,
    4962,
    5094,
    5155,
    5242,
    5575,
    5712
   ],
   "AverageLatency": 1087.3455882352941,
   "MedianLatency": 387,
   "Throughput": 3.5789473684210527,
   "ThroughputSeconds": [
    0,
    0,
    0,
    0,
    0,
    0,
    9,
    7,
    5,
    5,
    8,
    8,
    8,
    5,
    7,
    6,
    5,
    2,
    10,
    4,
    5,
    7,
    3,
    6,
    5,
    5,
    5,
    3,
    6,
    0,
    0,
    1,
    0,
    1,
    0,
    0,
    0,
    0
   ],
   "Success": 136,
   "Fail": 114
  }
 ],
 "MinLatency": 169,
 "AverageLatency": 921.9858375959079,
 "MaxLatency": 7695,
 "MedianLatency": 921.9858375959079,
 "AllTxLatencies": [
  358,
  1200,
  200,
  374,
  358,
  359,
  359,
  215,
  287,
  284,
  280,
  198,
  220,
  2167,
  198,
  1169,
  211,
  358,
  837,
  200,
  236,
  397,
  374,
  284,
  319,
  1008,
  210,
  7695,
  254,
  211,
  2167,
  359,
  169,
  374,
  254,
  5201,
  5602,
  243,
  2167,
  211,
  211,
  215,
  248,
  280,
  221,
  1169,
  432,
  3045,
  250,
  310,
  1169,
  374,
  359,
  287,
  358,
  2553,
  314,
  359,
  211,
  314,
  201,
  230,
  211,
  2912,
  310,
  5460,
  2167,
  287,
  280,
  248,
  279,
  855,
  284,
  210,
  409,
  220,
  409,
  220,
  358,
  1200,
  211,
  280,
  215,
  374,
  1169,
  397,
  198,
  279,
  210,
  202,
  314,
  254,
  3053,
  210,
  254,
  503,
  280,
  2167,
  374,
  201,
  409,
  837,
  250,
  503,
  503,
  731,
  280,
  2167,
  731,
  280,
  1175,
  250,
  248,
  287,
  220,
  359,
  238,
  262,
  425,
  197,
  1160,
  243,
  403,
  347,
  201,
  824,
  1148,
  359,
  2461,
  525,
  1158,
  201,
  2970,
  1197,
  222,
  2924,
  354,
  403,
  387,
  207,
  318,
  354,
  5242,
  1029,
  2347,
  4354,
  306,
  1823,
  3188,
  184,
  2359,
  387,
  204,
  1173,
  347,
  5155,
  201,
  723,
  359,
  244,
  4616,
  187,
  1160,
  184,
  262,
  2158,
  1197,
  387,
  387,
  1029,
  2819,
  5712,
  364,
  4954,
  315,
  231,
  1182,
  4962,
  2910,
  231,
  224,
  952,
  525,
  231,
  707,
  174,
  403,
  970,
  4723,
  387,
  306,
  306,
  199,
  207,
  188,
  262,
  1160,
  5094,
  1158,
  1197,
  197,
  224,
  201,
  282,
  1029,
  364,
  1029,
  197,
  425,
  824,
  723,
  1005,
  1204,
  238,
  238,
  364,
  364,
  347,
  282,
  354,
  242,
  2364,
  188,
  238,
  199,
  970,
  2158,
  865,
  224,
  262,
  2158,
  207,
  2424,
  2158,
  1501,
  191,
  188,
  184,
  364,
  952,
  201,
  243,
  282,
  2853,
  5575,
  364,
  240,
  313,
  1204,
  1197,
  3387
 ],
 "TotalThroughputOverTime": [
  0,
  0,
  0,
  0,
  0,
  0,
  20,
  12,
  8,
  11,
  13,
  12,
  14,
  10,
  10,
  13,
  9,
  7,
  16,
  9,
  8,
  10,
  9,
  9,
  10,
  9,
  8,
  7,
  11,
  2,
  1,
  1,
  0,
  1,
  0,
  1,
  0,
  0
 ],
 "AverageThroughputSecondaries": [
  3.026315789473684,
  3.5789473684210527
 ],
 "TotalThrouhgputPerSecondaryPerWindow": [
  [
   0,
   0,
   0,
   0,
   0,
   0,
   11,
   5,
   3,
   6,
   5,
   4,
   6,
   5,
   3,
   7,
   4,
   5,
   6,
   5,
   3,
   3,
   6,
   3,
   5,
   4,
   3,
   4,
   5,
   2,
   1,
   0,
   0,
   0,
   0,
   1,
   0,
   0
  ],
  [
   0,
   0,
   0,
   0,
   0,
   0,
   9,
   7,
   5,
   5,
   8,
   8,
   8,
   5,
   7,
   6,
   5,
   2,
   10,
   4,
   5,
   7,
   3,
   6,
   5,
   5,
   5,
   3,
   6,
   0,
   0,
   1,
   0,
   1,
   0,
   0,
   0,
   0
  ]
 ],
 "MaximumThroughput": 20,
 "MinimumThroughput": 0,
 "AverageThroughput": 6.605263157894736,
 "TotalSuccess": 251,
 "TotalFails": 249
}