{
 "RawResults": [
  [
   {
    "TxLatencies": [
     1194,
     210,
     3230,
     186,
     227,
     195,
     230,
     259,
     186,
     1174,
     242,
     2319,
     215,
     210,
     214,
     266,
     2157,
     5250,
     250,
     1284,
     266,
     259,
     2081,
     5442,
     926,
     284,
     259,
     1971,
     266,
     926,
     4966,
     194,
     157,
     195,
     5404,
     195,
     920,
     480,
     227,
     242,
     2157,
     1157,
     198,
     186,
     284,
     1188,
     442,
     3727,
     214,
     198,
     2157,
     1157,
     214,
     1206,
     318,
     2157,
     837,
     242,
     2405,
     920,
     2476,
     437,
     208,
     242,
     271,
     208,
     209,
     186,
     250,
     227,
     2157,
     348,
     1169,
     896,
     271,
     1213,
     214,
     186,
     259,
     1157,
     1188,
     214,
     2474,
     2157,
     677,
     405,
     284,
     180,
     277,
     198,
     442,
     214,
     892,
     195,
     271,
     1157,
     208,
     210,
     348,
     227,
     347,
     186,
     270,
     3672,
     319,
     250,
     677,
     677,
     170,
     2917,
     1214,
     4920,
     266,
     1168,
     891,
     250,
     480,
     170,
     270,
     259,
     193,
     198,
     227,
     318,
     208,
     195,
     920,
     210
    ],
    "AverageLatency": 884.109375,
    "MedianLatency": 0,
    "Throughput": 3.282051282051282,
    "ThroughputSeconds": [
     0,
     0,
     0,
     0,
     0,
     0,
     11,
     5,
     4,
     7,
     7,
     5,
     5,
     5,
     4,
     8,
     4,
     5,
     6,
     5,
     3,
     6,
     6,
     5,
     7,
     4,
     4,
     5,
     6,
     0,
     1,
     0,
     0,
     0,
     0,
     0,
     0,
     0,
     0
    ],
    "Success": 128,
    "Fail": 122
   }
  ],
  [
   {
    "TxLatencies": [
     676,
     947,
     249,
     348,
     1156,
     202,
     241,
     1156,
     185,
     270,
     319,
     837,
     4925,
     318,
     173,
     2155,
     346,
     925,
     249,
     4894,
     243,
     257,
     232,
     185,
     318,
     6265,
     919,
     479,
     232,
     4947,
     249,
     249,
     180,
     196,
     837,
     676,
     891,
     4437,
     212,
     919,
     202,
     196,
     517,
     346,
     442,
     270,
     259,
     5181,
     676,
     4976,
     241,
     277,
     241,
     384,
     1156,
     1191,
     2515,
     2150,
     277,
     195,
     212,
     241,
     202,
     517,
     213,
     442,
     193,
     404,
     2155,
     235,
     4384,
     1156,
     837,
     676,
     235,
     202,
     268,
     2891,
     1213,
     235,
     185,
     6239,
     8343,
     1213,
     185,
     1880,
     271,
     1214,
     244,
     1156,
     676,
     2155,
     346,
     271,
     196,
     437,
     195,
     676,
     3346,
     211,
     479,
     404,
     185,
     249,
     249,
     1163,
     4561,
     277,
     348,
     347,
     271,
     4367,
     232,
     2155,
     241,
     1188,
     180,
     926,
     895,
     195,
     1213,
     241,
     268,
     270
    ],
    "AverageLatency": 1068.0645161290322,
    "MedianLatency": 0,
    "Throughput": 3.1794871794871793,
    "ThroughputSeconds": [
     0,
     0,
     0,
     0,
     0,
     0,
     9,
     6,
     5,
     4,
     6,
     8,
     8,
     5,
     6,
     5,
     5,
     7,
     6,
     4,
     4,
     5,
     3,
     4,
     3,
     5,
     4,
     2,
     6,
     0,
     1,
     0,
     1,
     0,
     1,
     0,
     1,
     0,
     0
    ],
    "Success": 124,
    "Fail": 126
   }
  ]
 ],
 "SecondaryResults": [
  {
   "TxLatencies": [
    157,
    170,
    170,
    180,
    186,
    186,
    186,
    186,
    186,
    186,
    193,
    194,
    195,
    195,
    195,
    195,
    195,
    198,
    198,
    198,
    198,
    208,
    208,
    208,
    208,
    209,
    210,
    210,
    210,
    210,
    214,
    214,
    214,
    214,
    214,
    214,
    215,
    227,
    227,
    227,
    227,
    227,
    230,
    242,
    242,
    242,
    242,
    250,
    250,
    250,
    250,
    259,
    259,
    259,
    259,
    259,
    266,
    266,
    266,
    266,
    270,
    270,
    271,
    271,
    271,
    277,
    284,
    284,
    284,
    318,
    318,
    319,
    347,
    348,
    348,
    405,
    437,
    442,
    442,
    480,
    480,
    677,
    677,
    677,
    837,
    891,
    892,
    896,
    920,
    920,
    920,
    926,
    926,
    1157,
    1157,
    1157,
    1157,
    1168,
    1169,
    1174,
    1188,
    1188,
    1194,
    1206,
    1213,
    1214,
    1284,
    1971,
    2081,
    2157,
    2157,
    2157,
    2157,
    2157,
    2157,
    2319,
    2405,
    2474,
    2476,
    2917,
    3230,
    3672,
    3727,
    4920,
    4966,
    5250,
    5404,
    5442
   ],
   "AverageLatency": 884.109375,
   "MedianLatency": 271,
   "Throughput": 3.282051282051282,
   "ThroughputSeconds": [
    0,
    0,
    0,
    0,
    0,
    0,
    11,
    5,
    4,
    7,
    7,
    5,
    5,
    5,
    4,
    8,
    4,
    5,
    6,
    5,
    3,
    6,
    6,
    5,
    7,
    4,
    4,
    5,
    6,
    0,
    1,
    0,
    0,
    0,
    0,
    0,
    0,
    0,
    0
   ],
   "Success": 128,
   "Fail": 122
  },
  {
   "TxLatencies": [
    173,
    180,
    180,
    185,
    185,
    185,
    185,
    185,
    193,
    195,
    195,
    195,
    196,
    196,
    196,
    202,
    202,
    202,
    202,
    211,
    212,
    212,
    213,
    232,
    232,
    232,
    235,
    235,
    235,
    241,
    241,
    241,
    241,
    241,
    241,
    243,
    244,
    249,
    249,
    249,
    249,
    249,
    249,
    257,
    259,
    268,
    268,
    270,
    270,
    270,
    271,
    271,
    271,
    277,
    277,
    277,
    318,
    318,
    319,
    346,
    346,
    346,
    347,
    348,
    348,
    384,
    404,
    404,
    437,
    442,
    442,
    479,
    479,
    517,
    517,
    676,
    676,
    676,
    676,
    676,
    676,
    837,
    837,
    837,
    891,
    895,
    919,
    919,
    925,
    926,
    947,
    1156,
    1156,
    1156,
    1156,
    1156,
    1163,
    1188,
    1191,
    1213,
    1213,
    1213,
    1214,
    1880,
    2150,
    2155,
    2155,
    2155,
    2155,
    2515,
    2891,
    3346,
    4367,
    4384,
    4437,
    4561,
    4894,
    4925,
    4947,
    4976,
    5181,
    6239,
    6265,
    8343
   ],
   "AverageLatency": 1068.0645161290322,
   "MedianLatency": 346.5,
   "Throughput": 3.1794871794871793,
   "ThroughputSeconds": [
    0,
    0,
    0,
    0,
    0,
    0,
    9,
    6,
    5,
    4,
    6,
    8,
    8,
    5,
    6,
    5,
    5,
    7,
    6,
    4,
    4,
    5,
    3,
    4,
    3,
    5,
    4,
    2,
    6,
    0,
    1,
    0,
    1,
    0,
    1,
    0,
    1,
    0,
    0
   ],
   "Success": 124,
   "Fail": 126
  }
 ],
 "MinLatency": 157,
 "AverageLatency": 976.0869455645161,
 "MaxLatency": 8343,
 "MedianLatency": 976.0869455645161,
 "AllTxLatencies": [
  1194,
  210,
  3230,
  186,
  227,
  195,
  230,
  259,
  186,
  1174,
  242,
  2319,
  215,
  210,
  214,
  266,
  2157,
  5250,
  250,
  1284,
  266,
  259,
  2081,
  5442,
  926,
  284,
  259,
  1971,
  266,
  926,
  4966,
  194,
  157,
  195,
  5404,
  195,
  920,
  480,
  227,
  242,
  2157,
  1157,
  198,
  186,
  284,
  1188,
  442,
  3727,
  214,
  198,
  2157,
  1157,
  214,
  1206,
  318,
  2157,
  837,
  242,
  2405,
  920,
  2476,
  437,
  208,
  242,
  271,
  208,
  209,
  186,
  250,
  227,
  2157,
  348,
  1169,
  896,
  271,
  1213,
  214,
  186,
  259,
  1157,
  1188,
  214,
  2474,
  2157,
  677,
  405,
  284,
  180,
  277,
  198,
  442,
  214,
  892,
  195,
  271,
  1157,
  208,
  210,
  348,
  227,
  347,
  186,
  270,
  3672,
  319,
  250,
  677,
  677,
  170,
  2917,
  1214,
  4920,
  266,
  1168,
  891,
  250,
  480,
  170,
  270,
  259,
  193,
  198,
  227,
  318,
  208,
  195,
  920,
  210,
  676,
  947,
  249,
  348,
  1156,
  202,
  241,
  1156,
  185,
  270,
  319,
  837,
  4925,
  318,
  173,
  2155,
  346,
  925,
  249,
  4894,
  243,
  257,
  232,
  185,
  318,
  6265,
  919,
  479,
  232,
  4947,
  249,
  249,
  180,
  196,
  837,
  676,
  891,
  4437,
  212,
  919,
  202,
  196,
  517,
  346,
  442,
  270,
  259,
  5181,
  676,
  4976,
  241,
  277,
  241,
  384,
  1156,
  1191,
  2515,
  2150,
  277,
  195,
  212,
  241,
  202,
  517,
  213,
  442,
  193,
  404,
  2155,
  235,
  4384,
  1156,
  837,
  676,
  235,
  202,
  268,
  2891,
  1213,
  235,
  185,
  6239,
  8343,
  1213,
  185,
  1880,
  271,
  1214,
  244,
  1156,
  676,
  2155,
  346,
  271,
  196,
  437,
  195,
  676,
  3346,
  211,
  479,
  404,
  185,
  249,
  249,
  1163,
  4561,
  277,
  348,
  347,
  271,
  4367,
  232,
  2155,
  241,
  1188,
  180,
  926,
  895,
  195,
  1213,
  241,
  268,
  270
 ],
 "TotalThroughputOverTime": [
  0,
  0,
  0,
  0,
  0,
  0,
  20,
  11,
  9,
  11,
  13,
  13,
  13,
  10,
  10,
  13,
  9,
  12,
  12,
  9,
  7,
  11,
  9,
  9,
  10,
  9,
  8,
  7,
  12,
  0,
  2,
  0,
  1,
  0,
  1,
  0,
  1,
  0,
  0
 ],
 "AverageThroughputSecondaries": [
  3.282051282051282,
  3.1794871794871793
 ],
 "TotalThrouhgputPerSecondaryPerWindow": [
  [
   0,
   0,
   0,
   0,
   0,
   0,
   11,
   5,
   4,
   7,
   7,
   5,
   5,
   5,
   4,
   8,
   4,
   5,
   6,
   5,
   3,
   6,
   6,
   5,
   7,
   4,
   4,
   5,
   6,
   0,
   1,
   0,
   0,
   0,
   0,
   0,
   0,
   0,
   0
  ],
  [
   0,
   0,
   0,
   0,
   0,
   0,
   9,
   6,
   5,
   4,
   6,
   8,
   8,
   5,
   6,
   5,
   5,
   7,
   6,
   4,
   4,
   5,
   3,
   4,
   3,
   5,
   4,
   2,
   6,
   0,
   1,
   0,
   1,
   0,
   1,
   0,
   1,
   0,
   0
  ]
 ],
 "MaximumThroughput": 20,
 "MinimumThroughput": 0,
 "AverageThroughput": 6.461538461538462,
 "TotalSuccess": 252,
 "TotalFails": 248
}