{
 "RawResults": [
  [
   {
    "TxLatencies": [
     365,
     179,
     812,
     365,
     2190,
     206,
     249,
     288,
     181,
     249,
     2189,
     5222,
     206,
     296,
     401,
     206,
     313,
     742,
     206,
     245,
     212,
     342,
     264,
     251,
     1198,
     5217,
     566,
     152,
     305,
     404,
     2566,
     5232,
     181,
     2439,
     296,
     2190,
     2559,
     441,
     206,
     365,
     347,
     365,
     566,
     231,
     2812,
     342,
     1189,
     812,
     249,
     569,
     245,
     296,
     342,
     314,
     439,
     189,
     296,
     1244,
     288,
     1062,
     205,
     342,
     314,
     404,
     288,
     152,
     314,
     1127,
     889,
     342,
     882,
     231,
     1204,
     401,
     179,
     740,
     2886,
     314,
     888,
     231,
     404,
     347,
     566,
     212,
     1190,
     566,
     245,
     314,
     569,
     1189,
     198,
     231,
     205,
     181,
     2189,
     1189,
     365,
     337,
     2438,
     231,
     152,
     2190,
     152,
     4347,
     745,
     288,
     288,
     347,
     1244,
     222,
     231,
     337,
     179,
     231,
     249,
     337,
     1227,
     2189,
     404
    ],
    "AverageLatency": 786.1428571428571,
    "MedianLatency": 0,
    "Throughput": 3.1315789473684212,
    "ThroughputSeconds": [
     0,
     0,
     0,
     0,
     0,
     0,
     11,
     5,
     3,
     8,
     5,
     4,
     6,
     4,
     4,
     9,
     5,
     3,
     6,
     4,
     4,
     4,
     5,
     4,
     7,
     3,
     5,
     4,
     6,
     0,
     0,
     0,
     0,
     0,
     0,
     0,
     0,
     0
    ],
    "Success": 119,
    "Fail": 131
   }
  ],
  [
   {
    "TxLatencies": [
     347,
     296,
     1190,
     334,
     186,
     258,
     186,
     1245,
     288,
     314,
     305,
     1190,
     186,
     3018,
     1190,
     181,
     245,
     230,
     201,
     342,
     212,
     2197,
     812,
     198,
     1190,
     2190,
     210,
     210,
     288,
     347,
     3741,
     263,
     335,
     334,
     210,
     4862,
     257,
     741,
     558,
     210,
     179,
     223,
     314,
     245,
     369,
     249,
     201,
     174,
     210,
     2566,
     2239,
     812,
     3126,
     883,
     174,
     263,
     4741,
     741,
     741,
     1181,
     1891,
     2190,
     335,
     212,
     336,
     295,
     741,
     1883,
     249,
     216,
     812,
     1245,
     741,
     174,
     1109,
     4625,
     986,
     741,
     210,
     314,
     210,
     288,
     212,
     1245,
     174,
     174,
     2544,
     305,
     1245,
     245,
     288,
     5498,
     230,
     288,
     812,
     741,
     741,
     288,
     1453,
     1190,
     403,
     263,
     216,
     2190,
     7717,
     295,
     369,
     305,
     198,
     174,
     2401,
     741,
     973,
     314,
     401,
     4369,
     347,
     288,
     210,
     288,
     2190,
     1404,
     245,
     368,
     263,
     566,
     1153,
     179,
     1216
    ],
    "AverageLatency": 916.6666666666666,
    "MedianLatency": 0,
    "Throughput": 3.3947368421052633,
    "ThroughputSeconds": [
     0,
     0,
     0,
     0,
     0,
     0,
     9,
     8,
     4,
     3,
     8,
     8,
     6,
     7,
     5,
     4,
     4,
     7,
     7,
     5,
     4,
     6,
     4,
     5,
     4,
     5,
     4,
     3,
     5,
     1,
     1,
     1,
     0,
     0,
     0,
     1,
     0,
     0
    ],
    "Success": 129,
    "Fail": 121
   }
  ]
 ],
 "SecondaryResults": [
  {
   "TxLatencies": [
    152,
    152,
    152,
    152,
    179,
    179,
    179,
    181,
    181,
    181,
    189,
    198,
    205,
    205,
    206,
    206,
    206,
    206,
    206,
    212,
    212,
    222,
    231,
    231,
    231,
    231,
    231,
    231,
    231,
    245,
    245,
    245,
    249,
    249,
    249,
    249,
    251,
    264,
    288,
    288,
    288,
    288,
    288,
    296,
    296,
    296,
    296,
    305,
    313,
    314,
    314,
    314,
    314,
    314,
    337,
    337,
    337,
    342,
    342,
    342,
    342,
    342,
    347,
    347,
    347,
    365,
    365,
    365,
    365,
    365,
    401,
    401,
    404,
    404,
    404,
    404,
    439,
    441,
    566,
    566,
    566,
    566,
    569,
    569,
    740,
    742,
    745,
    812,
    812,
    882,
    888,
    889,
    1062,
    1127,
    1189,
    1189,
    1189,
    1190,
    1198,
    1204,
    1227,
    1244,
    1244,
    2189,
    2189,
    2189,
    2190,
    2190,
    2190,
    2438,
    2439,
    2559,
    2566,
    2812,
    2886,
    4347,
    5217,
    5222,
    5232
   ],
   "AverageLatency": 786.1428571428571,
   "MedianLatency": 342,
   "Throughput": 3.1315789473684212,
   "ThroughputSeconds": [
    0,
    0,
    0,
    0,
    0,
    0,
    11,
    5,
    3,
    8,
    5,
    4,
    6,
    4,
    4,
    9,
    5,
    3,
    6,
    4,
    4,
    4,
    5,
    4,
    7,
    3,
    5,
    4,
    6,
    0,
    0,
    0,
    0,
    0,
    0,
    0,
    0,
    0
   ],
   "Success": 119,
   "Fail": 131
  },
  {
   "TxLatencies": [
    174,
    174,
    174,
    174,
    174,
    174,
    179,
    179,
    181,
    186,
    186,
    186,
    198,
    198,
    201,
    201,
    210,
    210,
    210,
    210,
    210,
    210,
    210,
    210,
    212,
    212,
    212,
    216,
    216,
    223,
    230,
    230,
    245,
    245,
    245,
    245,
    249,
    249,
    257,
    258,
    263,
    263,
    263,
    263,
    288,
    288,
    288,
    288,
    288,
    288,
    288,
    288,
    295,
    295,
    296,
    305,
    305,
    305,
    314,
    314,
    314,
    314,
    334,
    334,
    335,
    335,
    336,
    342,
    347,
    347,
    347,
    368,
    369,
    369,
    401,
    403,
    558,
    566,
    741,
    741,
    741,
    741,
    741,
    741,
    741,
    741,
    741,
    812,
    812,
    812,
    812,
    883,
    973,
    986,
    1109,
    1153,
    1181,
    1190,
    1190,
    1190,
    1190,
    1190,
    1216,
    1245,
    1245,
    1245,
    1245,
    1404,
    1453,
    1883,
    1891,
    2190,
    2190,
    2190,
    2190,
    2197,
    2239,
    2401,
    2544,
    2566,
    3018,
    3126,
    3741,
    4369,
    4625,
    4741,
    4862,
    5498,
    7717
   ],
   "AverageLatency": 916.6666666666666,
   "MedianLatency": 335,
   "Throughput": 3.3947368421052633,
   "ThroughputSeconds": [
    0,
    0,
    0,
    0,
    0,
    0,
    9,
    8,
    4,
    3,
    8,
    8,
    6,
    7,
    5,
    4,
    4,
    7,
    7,
    5,
    4,
    6,
    4,
    5,
    4,
    5,
    4,
    3,
    5,
    1,
    1,
    1,
    0,
    0,
    0,
    1,
    0,
    0
   ],
   "Success": 129,
   "Fail": 121
  }
 ],
 "MinLatency": 152,
 "AverageLatency": 851.4047619047619,
 "MaxLatency": 7717,
 "MedianLatency": 851.4047619047619,
 "AllTxLatencies": [
  365,
  179,
  812,
  365,
  2190,
  206,
  249,
  288,
  181,
  249,
  2189,
  5222,
  206,
  296,
  401,
  206,
  313,
  742,
  206,
  245,
  212,
  342,
  264,
  251,
  1198,
  5217,
  566,
  152,
  305,
  404,
  2566,
  5232,
  181,
  2439,
  296,
  2190,
  2559,
  441,
  206,
  365,
  347,
  365,
  566,
  231,
  2812,
  342,
  1189,
  812,
  249,
  569,
  245,
  296,
  342,
  314,
  439,
  189,
  296,
  1244,
  288,
  1062,
  205,
  342,
  314,
  404,
  288,
  152,
  314,
  1127,
  889,
  342,
  882,
  231,
  1204,
  401,
  179,
  740,
  2886,
  314,
  888,
  231,
  404,
  347,
  566,
  212,
  1190,
  566,
  245,
  314,
  569,
  1189,
  198,
  231,
  205,
  181,
  2189,
  1189,
  365,
  337,
  2438,
  231,
  152,
  2190,
  152,
  4347,
  745,
  288,
  288,
  347,
  1244,
  222,
  231,
  337,
  179,
  231,
  249,
  337,
  1227,
  2189,
  404,
  347,
  296,
  1190,
  334,
  186,
  258,
  186,
  1245,
  288,
  314,
  305,
  1190,
  186,
  3018,
  1190,
  181,
  245,
  230,
  201,
  342,
  212,
  2197,
  812,
  198,
  1190,
  2190,
  210,
  210,
  288,
  347,
  3741,
  263,
  335,
  334,
  210,
  4862,
  257,
  741,
  558,
  210,
  179,
  223,
  314,
  245,
  369,
  249,
  201,
  174,
  210,
  2566,
  2239,
  812,
  3126,
  883,
  174,
  263,
  4741,
  741,
  741,
  1181,
  1891,
  2190,
  335,
  212,
  336,
  295,
  741,
  1883,
  249,
  216,
  812,
  1245,
  741,
  174,
  1109,
  4625,
  986,
  741,
  210,
  314,
  210,
  288,
  212,
  1245,
  174,
  174,
  2544,
  305,
  1245,
  245,
  288,
  5498,
  230,
  288,
  812,
  741,
  741,
  288,
  1453,
  1190,
  403,
  263,
  216,
  2190,
  7717,
  295,
  369,
  305,
  198,
  174,
  2401,
  741,
  973,
  314,
  401,
  4369,
  347,
  288,
  210,
  288,
  2190,
  1404,
  245,
  368,
  263,
  566,
  1153,
  179,
  1216
 ],
 "TotalThroughputOverTime": [
  0,
  0,
  0,
  0,
  0,
  0,
  20,
  13,
  7,
  11,
  13,
  12,
  12,
  11,
  9,
  13,
  9,
  10,
  13,
  9,
  8,
  10,
  9,
  9,
  11,
  8,
  9,
  7,
  11,
  1,
  1,
  1,
  0,
  0,
  0,
  1,
  0,
  0
 ],
 "AverageThroughputSecondaries": [
  3.1315789473684212,
  3.3947368421052633
 ],
 "TotalThrouhgputPerSecondaryPerWindow": [
  [
   0,
   0,
   0,
   0,
   0,
   0,
   11,
   5,
   3,
   8,
   5,
   4,
   6,
   4,
   4,
   9,
   5,
   3,
   6,
   4,
   4,
   4,
   5,
   4,
   7,
   3,
   5,
   4,
   6,
   0,
   0,
   0,
   0,
   0,
   0,
   0,
   0,
   0
  ],
  [
   0,
   0,
   0,
   0,
   0,
   0,
   9,
   8,
   4,
   3,
   8,
   8,
   6,
   7,
   5,
   4,
   4,
   7,
   7,
   5,
   4,
   6,
   4,
   5,
   4,
   5,
   4,
   3,
   5,
   1,
   1,
   1,
   0,
   0,
   0,
   1,
   0,
   0
  ]
 ],
 "MaximumThroughput": 20,
 "MinimumThroughput": 0,
 "AverageThroughput": 6.526315789473685,
 "TotalSuccess": 248,
 "TotalFails": 252
}